Symbol,Description,Price,Price - Currency,"Price change %, 1 day","Volume, 1 day","Relative volume, 1 day",Market capitalization,Market capitalization - Currency,Price to earnings ratio,"Earnings per share diluted, Trailing 12 months","Earnings per share diluted, Trailing 12 months - Currency","Earnings per share diluted growth %, TTM YoY","Dividend yield %, Trailing 12 months",Sector,Analyst rating
NVDA,NVIDIA Corporation,225.01,USD,-0.06661929294724005,93675880,0.8205897331825412,5445242088563.96,USD,34.45894208092131,6.5298,USD,110.33338701884364,0.12435601350151,Electronic technology,Strong buy
AAPL,Apple Inc.,305.59,USD,-0.11113653450136692,38169143,0.8197963330612517,4459835263931.044,USD,35.03146744924512,8.7233,USD,32.60922440789274,0.343215768313013,Electronic technology,Buy
GOOGL,Alphabet Inc.,344,USD,-0.5492917028042722,18291242,0.6647735390820743,4194147934353.0034,USD,17.28182946250496,19.9053,USD,112.01789423230548,0.245735761780862,Technology services,Strong buy
GOOG,Alphabet Inc.,341.45,USD,-0.6083716597776189,12606095,0.6989943052632283,4191656347478.017,USD,17.153722877826507,19.9053,USD,112.01789423230548,0.247423880770798,Technology services,Strong buy
MSFT,Microsoft Corporation,480.35,USD,-3.0379491320145244,29634708,0.8757138645383926,3566860693823.02,USD,26.76730527043142,17.9454,USD,31.54908515130189,0.718611223253936,Technology services,Strong buy
AMZN,"Amazon.com, Inc.",261.31,USD,-0.5101846563868171,43896497,1.0275009375465345,2818571764247.689,USD,21.018129755642423,12.4326,USD,89.7295812477109,0,Retail trade,Strong buy
TSM,Taiwan Semiconductor Manufacturing Company Ltd.,430.97,USD,1.0836167468042697,9478707,0.9051803144555526,1937335595495.4238,USD,31.10573800072176,13.855,USD,57.778461047908635,0.647728157616981,Electronic technology,Strong buy
AVGO,Broadcom Inc.,392.43,USD,-0.1424972645614398,20042026,1.1281514368812557,1867017103664.4546,USD,65.32878308639921,6.007,USD,125.81008946695735,0.646326878546528,Electronic technology,Strong buy
META,"Meta Platforms, Inc.",568.97,USD,-3.5398830211070607,17225372,1.179205262527798,1449454505050.3794,USD,21.43198845851053,26.5477,USD,-3.857269092594742,0.356022717640078,Technology services,Strong buy
TSLA,"Tesla, Inc.",339.3,USD,-0.867735997896389,26034705,0.8082020294895277,1340081460183.479,USD,315.2466784353805,1.0763,USD,-37.67083622886263,0,Consumer durables,Buy
MU,"Micron Technology, Inc.",1011.75,USD,4.125928822839269,33430082,0.9723936095286451,1142663403354.82,USD,22.904729455923537,44.1721,USD,697.287150515315,0.0545458287878476,Electronic technology,Strong buy
LLY,Eli Lilly and Company,1183.16,USD,0.25420281995661603,1807034,0.5816741206142814,1113776046236.7832,USD,40.20374391333748,29.4291,USD,95.1428306190653,0.547383405639913,Health technology,Buy
JPM,JP Morgan Chase & Co.,360.96,USD,-0.5181347150259056,5282585,0.9604423741848007,959498909691.3577,USD,15.463308058090218,23.343,USD,19.772185022704537,1.65362143093374,Finance,Buy
BRK.B,Berkshire Hathaway Inc. New,498.23,USD,-1.1507251552486866,4789712,1.0676513723655818,958853178066.1641,USD,12.527312271350088,39.7715,USD,36.302726637147536,0,Finance,Neutral
WMT,Walmart Inc.,114.33,USD,-0.8154767068621479,18130950,0.8776813800424931,909847157184.3867,USD,40.275478211857546,2.8387,USD,21.780351780351772,0.837164917151037,Retail trade,Buy
AMD,"Advanced Micro Devices, Inc.",506,USD,-1.631058146542504,20057457,0.7308072773367187,826032361169.7933,USD,129.86013088669318,3.8965,USD,124.2848097622748,0,Electronic technology,Buy
ASML,ASML Holding N.V. - New York Registry Shares,1883.12,USD,2.1170448136740254,1285404,1.031216049760071,697812652645.2631,USD,58.625821113913005,32.121,USD,23.100094276713666,0.418373226758058,Electronic technology,Strong buy
V,Visa Inc.,358.84,USD,-1.458190306192504,15543399,2.537456064389621,669971262893.5518,USD,30.79563691288415,11.6523,USD,15.026505167767343,0.713991487024578,Finance,Strong buy
XOM,ExxonMobil Holdings Corporation,161.46,USD,0.8494690818238686,12858118,0.925429072748947,663909354489.9419,USD,20.777783497194626,7.7708,USD,10.170981370686484,2.54840724547158,Energy minerals,Buy
JNJ,Johnson & Johnson,262.37,USD,0.7758786249279745,5515539,0.8505524457523939,632285067869.8729,USD,30.409837965645934,8.6278,USD,-7.724064171122985,2.01267524486269,Health technology,Buy
INTC,Intel Corporation,103.49,USD,0.9658536585365803,88616782,0.804804265621135,522003560000,USD,,-2.1201,USD,55.48626858150668,0,Electronic technology,Buy
TCEHY,Tencent Holding Ltd.,56.77,USD,0.47787610619469584,2897741,0.8118432461212108,505644827187.50006,USD,15.603012313104664,3.6384,USD,17.904015036132076,1.07882073873263,Technology services,Strong buy
MA,Mastercard Incorporated,562.26,USD,-1.2348715066134963,3019299,1.0843262639077884,492545327789.3044,USD,30.932667286500998,18.1769,USD,22.61557038106353,0.591965430624111,Finance,Strong buy
BAC,Bank of America Corporation,63.89,USD,-0.9303768026050463,27349446,1.0833319799661518,446766689111.8881,USD,14.703580962901592,4.3452,USD,27.24983161039038,1.73670336486277,Finance,Buy
CSCO,"Cisco Systems, Inc.",112.9,USD,1.0924068767908297,22792818,0.8850227903439403,444987991767.773,USD,33.90186775569035,3.3302,USD,27.525465267672505,1.48638968481375,Electronic technology,Buy
ABBV,AbbVie Inc.,250.33,USD,0.3487533071434316,4648771,0.9079448029083633,442362488010.7043,USD,70.77866998416648,3.5368,USD,68.31485271022699,2.73791389401106,Health technology,Buy
ORCL/PD,"Oracle Corporation Depositary Shares, each representing a 1/2,000th interest in a sh of 6.50% Series D Mandatory Convertible Preferred Stock",46.9,USD,-1.075722421430074,1011836,1.784617805012308,433568499289,USD,8.051778601840407,5.8248,USD,34.18415535948765,1.32872707945788,Technology services,No rating
LRCX,Lam Research Corporation,343.84,USD,3.454085930918269,8505584,0.9627639563569742,430254209122.56104,USD,59.651983830953654,5.7641,USD,38.61340900346286,0.31291370802744,Producer manufacturing,Strong buy
AMAT,"Applied Materials, Inc.",535.31,USD,5.546354351512271,9624104,1.272691524648399,425014406497.3816,USD,46.168109842343114,11.5948,USD,38.24069437489568,0.376592136913916,Producer manufacturing,Strong buy
COST,Costco Wholesale Corporation,953.5,USD,-0.7907605868275958,1242967,0.7368552034562805,422857044892.52673,USD,47.95843434699072,19.8818,USD,12.777024612434968,0.576422848819061,Retail trade,Buy
ORCL,Oracle Corporation,146.65,USD,-2.5710868987509996,20667838,0.6729709289616277,422421076406.6692,USD,25.176830105754707,5.8248,USD,34.18415535948765,1.32872707945788,Technology services,Buy
PLTR,Palantir Technologies Inc.,172.55,USD,-0.8561250287290166,24589828,0.3893902410845068,414653704408.3231,USD,147.46602854456887,1.1701,USD,288.8667331339315,0,Technology services,Buy
CAT,"Caterpillar, Inc.",881.65,USD,2.9279568511621847,2140621,0.7161786159915435,405272348829.90686,USD,37.92401861681535,23.2478,USD,18.21556423399235,0.719147296776679,Producer manufacturing,Buy
CVX,Chevron Corporation,202.7,USD,1.3499999999999943,8357772,1.0137487143125063,400488830395.63446,USD,19.433206143462503,10.4306,USD,34.62660368104495,3.49,Energy minerals,Buy
GE,GE Aerospace,369.43,USD,0.28503176068190766,5515355,1.8347527439763862,383306719455.4397,USD,43.54380547141123,8.4841,USD,18.431815961025716,0.450621640697106,Electronic technology,Buy
KO,Coca-Cola Company (The),86.98,USD,-0.8322882225515789,12056397,0.8452957450863807,374235693164.25134,USD,26.205899189539334,3.3191,USD,17.602664493498224,2.37145137384563,Consumer non-durables,Buy
UNH,UnitedHealth Group Incorporated,395.62,USD,-1.5209220122968194,5295055,1.3162640067555087,355106483727.86414,USD,25.440164619638608,15.551,USD,-32.64203819448956,2.22786448609763,Health services,Buy
HSBC,"HSBC Holdings, plc.",103.8,USD,0.00963483957991223,1017516,0.7885962788451194,355086758723.10297,USD,14.872125510423382,6.9795,USD,38.945293836598175,3.59379516331053,Finance,Buy
RHHBY,Roche Holding Ltd,54.61,USD,0.16507703595010326,1843449,1.1263874700454215,348156955634.37885,USD,22.592255502233993,2.4172,USD,42.28867435837059,1.83553191489362,Health technology,Buy
MS,Morgan Stanley,218.21,USD,0.3910563121089411,3397629,0.7474391035699856,342713269833.30176,USD,17.631136679486765,12.3764,USD,40.22978086972287,1.90927493559073,Finance,Buy
HD,"Home Depot, Inc. (The)",337.88,USD,-0.28920498140825657,5579976,1.7611204106874716,336905775768.0077,USD,23.990854675972933,14.0837,USD,-4.4544547940001165,2.73269196718409,Retail trade,Buy
MRK,"Merck & Company, Inc.",135.97,USD,0.09570082449940771,8477590,0.9808249286987473,335461317604.36523,USD,108.68036128207177,1.2511,USD,-80.7110590339341,2.47349823321555,Health technology,Buy
PG,Procter & Gamble Company (The),143.12,USD,-0.9892770667589116,9867511,1.240393606904714,332672873078.0054,USD,21.61966192842792,6.6199,USD,1.73974518573163,2.96824628156347,Consumer non-durables,Buy
NFLX,"Netflix, Inc.",76.02,USD,-2.737973387922212,30752970,1.014099482079002,316542729176.88556,USD,23.94934156637893,3.1742,USD,35.26804738770987,0,Technology services,Buy
DELL,Dell Technologies Inc.,479.81,USD,-2.2411931297243335,5273639,0.8969996963191333,311051725643.6397,USD,38.12827297939464,12.5841,USD,100.63934948979589,0.47065055724211,Electronic technology,Buy
PANW,"Palo Alto Networks, Inc.",375.76,USD,-2.2145887006531844,5088770,0.8788410144988195,306244391244.2943,USD,309.08941350662167,1.2157,USD,-30.432045779685268,0,Technology services,Buy
GS,"Goldman Sachs Group, Inc. (The)",1051.31,USD,1.1439071790036628,1450700,0.8258809349197624,306111435596.30536,USD,16.22537202403919,64.7942,USD,42.76881720430108,1.63552750572435,Finance,Neutral
RY,Royal Bank Of Canada,216.19,USD,-0.170853343184339,586410,0.46766812717421297,299768955329.7912,USD,19.10067154052474,11.31845022,USD,24.338571258428367,2.18822746923844,Finance,Buy
RTX,RTX Corporation,221.64,USD,-0.5964928017222103,5187620,1.2448803305922513,298717124364.5032,USD,39.02799788695192,5.679,USD,24.774794568704138,1.24231959456429,Electronic technology,Buy
ARM,Arm Holdings plc,271.43,USD,-2.8664471800744313,3713758,0.8213437856472386,298441922607,USD,278.44686089454245,0.9748,USD,48.43916552459267,0,Electronic technology,Buy
BABA,Alibaba Group Holding Limited,124.71,USD,0.7269202810758351,8894255,0.9758610989436742,292902935220.6594,USD,20.139202893869903,6.1924,USD,-16.88053691275168,0.831919877231241,Retail trade,Strong buy
PM,Philip Morris International Inc,184.52,USD,-3.0831451231682214,5803589,1.3384718702546066,287595366783.2815,USD,26.523307795138642,6.9569,USD,32.011992637431455,3.08839749986869,Consumer non-durables,Buy
GEV,GE Vernova Inc.,1079,USD,1.4813073124853045,2091098,1.1577615024526395,287373941070.4303,USD,30.886107835167223,34.9348,USD,735.9407527936638,0.164589701387256,Producer manufacturing,Buy
NVS,Novartis AG,151.97,USD,0.7224284199363755,1198730,0.8234568950303858,275503623236.88403,USD,22.925372233703932,6.6289,USD,-3.9999420718020047,2.04212619300106,Health technology,Neutral
KLAC,KLA Corporation,205.76,USD,1.0013744354997016,9478968,0.9290147516848091,268835061493.95016,USD,56.1005534803828,3.6677,USD,20.65993354607363,0.331337129393285,Electronic technology,Buy
WFC,Wells Fargo & Company,87.54,USD,-1.4411168655708029,14585950,1.2638385641635606,264720894973.80573,USD,12.718291442684876,6.883,USD,18.045551210811553,2.02657059220896,Finance,Buy
SNDK,Sandisk Corporation,1786.85,USD,8.880574732955134,18034815,1.1683978308509013,264614198617.44296,USD,24.512789699099795,72.8946,USD,,0,Electronic technology,Buy
MUFG,"Mitsubishi UFJ Financial Group, Inc.",23.03,USD,-0.13009540329573974,3075972,1.1412602544150496,258635746300,USD,15.009124087591243,1.5344,USD,43.000931966449215,2.10699479618387,Finance,Buy
TXN,Texas Instruments Incorporated,282.91,USD,1.1910723227698838,5993737,1.0057279002403012,258366888927.54947,USD,43.039264904994454,6.5733,USD,20.161231354197135,2.03161885685671,Electronic technology,Buy
ANET,"Arista Networks, Inc.",201.8,USD,1.4988431747309217,5683904,0.6179732823806263,254515135547.3866,USD,63.62317926729302,3.1718,USD,24.726700747149035,0,Electronic technology,Strong buy
SHEL,Shell PLC,91.62,USD,1.2711396042887206,4679652,0.8315504460364923,248391641467.23297,USD,10.118837250397599,9.0544,USD,103.12731351654516,3.26870785895877,Energy minerals,Buy
AZN,AstraZeneca PLC,156.89,USD,0.28124001278363553,3361580,0.606530522825168,243318480003.00635,USD,23.74546545269143,6.607156230000001,USD,16.99983418892952,2.14310645724258,Health technology,Strong buy
SAP,SAP SE,207.84,USD,-0.06250901572341946,2807343,1.053458652202987,243239787342.4275,USD,26.12893492909585,7.9544,USD,31.651770936775904,1.02664278501707,Technology services,Strong buy
C,"Citigroup, Inc.",138.51,USD,-0.5885308260963336,8949818,1.0424949865454842,232341769730.5101,USD,14.951586264964,9.2639,USD,36.96699982257968,1.72252924711117,Finance,Buy
AXP,American Express Company,336.21,USD,-1.8307638402242576,2533217,1.1607470886897016,227045920000.5528,USD,20.39861667273389,16.482,USD,15.718377892608398,1.03363700070077,Finance,Buy
AMGN,Amgen Inc.,419.38,USD,1.0043110715059886,2880592,1.024497202399292,226730251480.01172,USD,26.051683438936514,16.098,USD,31.702528020944104,2.36025143903085,Health technology,Buy
STX,Seagate Technology Holdings PLC,994.79,USD,2.193252794214323,4330514,0.9032132303823054,225463698628.55234,USD,71.70174426985729,13.874,USD,104.84275800974459,0.302021696252465,Electronic technology,Buy
BHP,BHP Group Limited,88.37,USD,1.8322194053929517,3357820,1.3314743506345323,220714996700.3393,USD,21.916619131469957,4.0321,USD,-9.901233464426177,3.03065222401475,Non-energy minerals,Neutral
SAN,"Banco Santander, S.A. Sponsored",14.59,USD,-1.1517615176151756,15344788,1.043807416918413,218882128033.89453,USD,11.496335986131905,1.2691,USD,38.608562691131496,1.35752032520325,Finance,Buy
LIN,Linde plc,474.33,USD,-1.7421386253469828,1745849,0.835547414405576,218656716564.76874,USD,30.62525019046758,15.4882,USD,10.101512738853511,1.28433525293118,Process industries,Buy
CRWD,"CrowdStrike Holdings, Inc.",213.9,USD,-1.4058538833832603,6411994,0.8809078998113877,217805656359.7917,USD,,-0.0471,USD,73.039496279336,0,Technology services,Buy
TMO,Thermo Fisher Scientific Inc,585.51,USD,-0.4725560522871327,887298,0.5355894337075144,216490724131.05173,USD,31.495626728061023,18.5902,USD,7.601479432074029,0.305971544646348,Health technology,Strong buy
IBM,International Business Machines Corporation,228.85,USD,-2.3344144759303513,7564316,1.3113032268447853,215607464045.12354,USD,20.31351245794832,11.2659,USD,82.7337312658146,2.8721406623421,Technology services,Buy
APH,Amphenol Corporation,170.87,USD,2.250014960205847,6303534,1.118866246265618,210679894919.0506,USD,42.77631743647515,3.9945,USD,59.36564931178935,0.547543534199031,Electronic technology,Strong buy
TD,Toronto Dominion Bank (The),124.34,USD,-0.01608234158893215,1005095,0.48297368729347623,210071929861.6014,USD,19.939724749050367,6.235793200000001,USD,-10.785457988270956,2.50854527547651,Finance,Buy
SFTBY,Softbank Group Corp,18.17,USD,1.2256267409470887,2999197,0.6364452890778477,205575944669.34912,USD,6.427535462874527,2.8269,USD,182.3229801258364,0.121632311977716,Miscellaneous,Buy
MRVL,"Marvell Technology, Inc.",234.33,USD,5.544545536438159,21113493,1.0373008467445377,205218348786.69238,USD,80.07449425915802,2.9264,USD,,0.10809836951626,Electronic technology,Strong buy
NVO,Novo Nordisk A/S,44.88,USD,-2.2009152320767007,14626366,0.9409713332079851,201702176222.28723,USD,10.96827801945354,4.0918,USD,12.752824469550845,2.68168228372194,Health technology,Buy
VZ,Verizon Communications Inc.,48.06,USD,-0.8663366336633553,14466192,0.7054050169147191,199678503388.41092,USD,12.515625000000002,3.84,USD,-10.788960133816568,5.76526402640264,Communications,Buy
TTE,TotalEnergies SE,88.63,USD,0.3396354579418059,1425846,1.1637642060271214,197838796576.13327,USD,11.171706986493719,7.933433996000001,USD,30.520378387619672,4.48667194510425,Energy minerals,Buy
TMUS,"T-Mobile US, Inc.",180.12,USD,-1.3635616888450846,4343209,1.070239918106808,193209614796.23196,USD,18.849679768931306,9.5556,USD,-9.885985345014564,2.1576036361645,Communications,Buy
SHOP,Shopify Inc.,148.65,USD,-3.6741835147744863,7748265,0.5467538657979684,191259640441.34433,USD,102.40085750815626,1.4516479999999998,USD,-19.900471515478106,0,Commercial services,Buy
SCHW,Charles Schwab Corporation (The),110.58,USD,-0.4590872265730535,6236794,0.945151245030499,191229934667.46207,USD,20.108379400640093,5.4992,USD,48.05481517378779,1.06220181834549,Finance,Buy
ABT,Abbott Laboratories,110.37,USD,-0.7910112359550522,11462155,1.6064865129418218,190982404907.31186,USD,35.674574956364346,3.0938,USD,-61.310089540293134,2.22921348314607,Health technology,Buy
ADI,"Analog Devices, Inc.",390.28,USD,0.228562623590741,3122795,1.007191587801635,190100335613.4667,USD,57.99797895737978,6.7292,USD,83.19222497481829,1.07347389506664,Electronic technology,Buy
PEP,"PepsiCo, Inc.",138.24,USD,-1.811208182399306,6856112,1.1064251265170655,188682589127.26874,USD,18.13054939866487,7.6247,USD,39.01002734731084,4.08232118758435,Consumer non-durables,Neutral
MCD,McDonald's Corporation,265.53,USD,-2.6756588351720896,4911774,1.0295162819874233,187900032801.9442,USD,21.56536287440712,12.3128,USD,5.462051716901772,2.69398526554998,Consumer services,Buy
KXIAY,KIOXIA HLDGS CORP,38.75,USD,13.436768149882916,1749098,0.901701114118446,184800821799.4059,USD,24.494310998735777,1.582,USD,480.3374908290536,0,Electronic technology,No rating
WDC,Western Digital Corporation,536.01,USD,5.347877358490562,9305286,1.0172189821067554,184753063482.5271,USD,22.171986879061514,24.1751,USD,370.6348433819378,0.0982704402515723,Electronic technology,Buy
BA/PA,"Boeing Company (The) Depositary Shares, each representing a 1/20th interest in a share of 6.00% Series A Mandatory Convertible Preferred Stock, par value $1.00",69.52,USD,-2.3183925811437485,989211,1.9574471705882783,183105015322,USD,31.66044266326623,2.1958,USD,,0,Electronic technology,No rating
NEE,"NextEra Energy, Inc.",86.22,USD,0.034806822137140196,9556926,0.9247451437513764,179853051661.91718,USD,19.345284839238033,4.4569,USD,55.29809401024427,2.76064508643694,Utilities,Buy
DIS,Walt Disney Company (The),103.5,USD,-3.1352363125877343,7635016,0.684933900742691,178712090526.2892,USD,21.348129202590652,4.8482,USD,-23.99034240561896,1.40383715489003,Consumer services,Strong buy
BA,Boeing Company (The),225.95,USD,-2.4690292226011135,5020273,0.9620531673724726,178584098985.65158,USD,102.90099280444484,2.1958,USD,,0,Electronic technology,Buy
UNP,Union Pacific Corporation,299.9,USD,2.1179515118496224,2077009,0.9397099715599841,178163238152.87656,USD,24.28595722626673,12.3487,USD,7.263409337676438,1.87959684009807,Transportation,Buy
ETN,"Eaton Corporation, PLC",455.4,USD,0.8615534539655791,1605434,0.7954442926049278,176877361045.9343,USD,46.33558194194316,9.8283,USD,-1.1197633707593861,0.94793027839915,Producer manufacturing,Buy
BX,Blackstone Inc.,140.57,USD,-2.334468144236791,3763540,0.7860229376745259,174564999380.3353,USD,31.534199250734684,4.4577,USD,20.325532431775855,3.45306746335024,Finance,Buy
RYCEY,Rolls Royce Holdings plc,21.12,USD,1.7831325301204868,1429633,0.8366333727900406,173600897496.54297,USD,43.51947249124253,0.4853,USD,-45.126639529624605,0.674748539132101,Electronic technology,Strong buy
GILD,"Gilead Sciences, Inc.",138.92,USD,0.40474125469787064,3940375,0.5416168467824891,172254560212.81235,USD,,-2.6564,USD,-152.8405474220242,2.32726221451286,Health technology,Buy
QCOM,QUALCOMM Incorporated,162.18,USD,-2.1774534049098166,8967634,0.9583305508232847,170326924850.4798,USD,18.769964353502154,8.6404,USD,-16.66602368735774,2.16538995114301,Electronic technology,Neutral
WELL,Welltower Inc.,235.3,USD,-0.09341032608695604,2516934,0.7419302577881727,169591286065.62585,USD,,-0.5499,USD,-145.4237568148026,1.25679347826087,Finance,Buy
T,AT&T Inc.,24.68,USD,-0.8437123342707948,36794810,0.8518321207023567,169116875970.42508,USD,8.161645557062073,3.0239,USD,72.38057234066811,4.45962233828847,Communications,Buy
SMFG,Sumitomo Mitsui Financial Group Inc Unsponsored,26.24,USD,-0.30395136778116205,1007534,0.6571527208563582,166982800950.6406,USD,15.078726583151361,1.7402,USD,42.091940883481676,1.82984042553192,Finance,Buy
TJX,"TJX Companies, Inc. (The)",150.85,USD,-0.8283479061205832,6908459,1.3513899348521923,166644669632.02255,USD,29.303211018085044,5.1479,USD,21.384107521810904,1.15377029781079,Retail trade,Buy
RIO,Rio Tinto Plc,97.21,USD,1.5990802675585145,2151889,0.992635207856172,163952505866.787,USD,13.191749219704166,7.369,USD,16.873641972371562,4.1753762541806,Non-energy minerals,Buy
SCCO,Southern Copper Corporation,192.04,USD,4.024700720437668,1220630,1.1353347113988381,162147762564.74405,USD,28.762712118262012,6.6767,USD,55.917519032273155,1.93709289854287,Non-energy minerals,Sell
DE,Deere & Company,599.92,USD,-1.4666995154800138,1245924,1.4707960703031466,161940861889.7104,USD,33.996157921877746,17.6467,USD,-14.629402971355596,1.06430155210643,Producer manufacturing,Buy
UBS,UBS Group AG Registered,53.44,USD,-0.3542793212754145,990677,0.7234028632580581,161812194352.2388,USD,18.545400467743175,2.8815770300000003,USD,40.501481459897725,1.96686567164179,Finance,Neutral
BBVA,Banco Bilbao Vizcaya Argentaria S.A.,28.8,USD,0.3484320557491339,2453646,1.214187617270258,160629697521.558,USD,12.783523458653292,2.2529,USD,14.331387972595788,3.02592334494774,Finance,Neutral
IBKR,"Interactive Brokers Group, Inc.",94.33,USD,2.465783184879422,4632739,0.9860478605599968,160484496741.66998,USD,37.5547416195557,2.5118,USD,31.735459170294224,0.355746252444058,Finance,Buy
SMERY,Siemens Energy AG,37.62,USD,1.2106537530266228,269336,0.5405725449535477,158349014604.9,USD,16.55299863598363,2.2727,USD,53.65424920559798,1.47066297748885,Producer manufacturing,Buy
BUD,Anheuser-Busch Inbev SA Sponsored,77.2,USD,-3.1732095823404,1557856,0.8978955199114056,157435312108.0905,USD,16.628613277043037,4.6426,USD,32.309270711619014,1.25698106108115,Consumer non-durables,Buy
CRM,"Salesforce, Inc.",190.97,USD,-2.6706080220172312,14378800,1.2621905589799989,156404435352.14325,USD,22.106079548085383,8.6388,USD,35.12270658345455,0.872534529330819,Technology services,Buy
BKNG,Booking Holdings Inc. Common Stock,204.76,USD,-3.44242195605018,5954908,0.97387423836502,153852668009.04913,USD,22.646935209149024,9.0414,USD,57.21166385561022,0.758275959634066,Consumer services,Strong buy
COP,ConocoPhillips,127.56,USD,0.6152389966871755,6963677,0.9917168716950783,153242613139.02225,USD,16.900064918719114,7.5479,USD,1.262443317502483,2.60293421675343,Energy minerals,Buy
UBER,"Uber Technologies, Inc.",74.99,USD,-1.263989466754454,18084893,0.7652988180127855,153171581793.35245,USD,16.483130014287283,4.5495,USD,-22.807404516687306,0,Transportation,Strong buy
PFE,"Pfizer, Inc.",26.87,USD,0.29861888764465044,29261200,0.6924785744769144,153150227875.77118,USD,35.57997881355932,0.7552,USD,-59.82765040693653,6.42030608435984,Health technology,Neutral
GLW,Corning Incorporated,173.21,USD,4.349659618049279,11381069,1.086845370745289,149201073361.71268,USD,79.44683973947345,2.1802,USD,130.83112758073054,0.674739442135068,Electronic technology,Buy
SONY,Sony Group Corporation,23.7,USD,-2.4289831206257713,4180910,0.8446990327715125,145458815949.9008,USD,,-0.2384,USD,-118.8652370024531,0.455631947303417,Electronic technology,Strong buy
DHR,Danaher Corporation,202.63,USD,0.08891084218325851,2982248,0.899809939254912,142446068050.20947,USD,35.97769925960121,5.6321,USD,19.62321056879488,0.711286737466041,Health technology,Strong buy
ISRG,"Intuitive Surgical, Inc.",390.33,USD,-1.0595422169273294,2157790,0.7047532853991313,137895022973.61166,USD,44.73645001203425,8.7251,USD,21.753509530853165,0,Health technology,Buy
LMT,Lockheed Martin Corporation,593.74,USD,-2.454491686929083,880689,0.9107699085392338,137029701952.48022,USD,21.882255817553272,27.1334,USD,52.76697088614012,2.24255766576855,Electronic technology,Neutral
PLD,"Prologis, Inc.",140.62,USD,-0.29071828688931195,2249947,0.3888556865521203,135983070595.98528,USD,31.31151191271432,4.491,USD,22.353902738046575,2.94972700843792,Finance,Buy
COF,Capital One Financial Corporation,221.45,USD,-2.590833113398441,3847097,1.3287066587731438,135856207268.97685,USD,78.06331077270163,2.8368,USD,-76.17936014778739,1.3196093956189,Finance,Strong buy
UL,Unilever PLC,61.23,USD,-1.3850861652440112,3650552,1.1606295027403732,133774959912.79199,USD,20.45295119751478,2.9937,USD,9.259124087591234,3.69991947267821,Consumer non-durables,Buy
BMY,Bristol-Myers Squibb Company,64.63,USD,1.253329155569477,7289180,0.5529109389730424,132020648359.56117,USD,14.237564435828524,4.5394,USD,83.16587983698503,3.93232022559925,Health technology,Buy
MFG,"Mizuho Financial Group, Inc. Sponosred",10.83,USD,-0.3679852805887686,3454774,1.2206949561824878,131899261667.96877,USD,14.888644487214737,0.7274,USD,53.97967823878071,1.28248390064397,Finance,Buy
CB,Chubb Limited,340.86,USD,-0.8089861482947192,1382749,0.8879479797924663,131503737433.41307,USD,12.062808993138008,28.2571,USD,24.675593990602046,1.14363869165406,Finance,Buy
VRTX,Vertex Pharmaceuticals Incorporated,515.55,USD,1.9377162629757698,1111401,0.810275190028827,130671778460.95432,USD,29.993891264508243,17.1885,USD,22.86012451484244,0,Health technology,Buy
SYK,Stryker Corporation,331.68,USD,-2.2198638011850984,2286632,1.0545609352762944,127223498909.66235,USD,34.36635479158248,9.6513,USD,27.708308522885172,1.02591315114531,Health technology,Buy
NEM,Newmont Corporation,120.33,USD,2.182404891304342,7193260,0.9634936052081049,126790792035.23334,USD,15.194524768603285,7.9193,USD,42.18029048995494,0.86616847826087,Non-energy minerals,Buy
SBUX,Starbucks Corporation,107.92,USD,0.21357600520011513,5935310,0.9698074433923468,123028802788.94383,USD,62.22683503430779,1.7343,USD,-24.99351267191419,2.29362057758381,Consumer services,Buy
BTI,"British American Tobacco Industries, p.l.c.",55.73,USD,-2.3308797756747377,4295322,1.102138825519588,122901677552.11499,USD,14.279125778267442,3.9029,USD,117.61360468357958,5.60188398177357,Consumer non-durables,Strong buy
NOW,"ServiceNow, Inc.",117.7,USD,-5.08064516129032,20204055,1.0981436889168068,121701800000,USD,73.53951890034364,1.6005,USD,0.7237256135934592,0,Technology services,Strong buy
SPGI,S&P Global Inc.,410.53,USD,-1.9746895893027792,1534195,0.8165347603737821,121024235461.01518,USD,24.999238812059648,16.4217,USD,26.218823258137665,0.921680993314231,Commercial services,Strong buy
LOW,"Lowe's Companies, Inc.",215.81,USD,-1.2175584748478037,2955790,1.2925724846429425,121006198262.18777,USD,18.25247809465814,11.8236,USD,-2.0584653871323124,2.2199844372225,Retail trade,Buy
PDD,PDD Holdings Inc.,86.94,USD,2.5356763769312316,6850617,1.2374682848283434,120689787316,USD,9.476575614222492,9.1742,USD,-1.2018350599840537,0,Retail trade,Buy
CVS,CVS Health Corporation,94.01,USD,-3.2420749279538823,7298832,0.7810786067394327,120236005904.8804,USD,24.818501016394308,3.7879,USD,5.683276602868143,2.73775216138329,Retail trade,Buy
PGR,Progressive Corporation (The),203.84,USD,-2.748091603053431,2735620,1.2819313065852016,118506824056.30078,USD,10.219387959732082,19.9464,USD,12.29942911191433,6.63167938931298,Finance,Neutral
HDB,HDFC Bank Limited,23.15,USD,-0.9413778348309901,5931380,0.8823010531896316,117392554868.60165,USD,13.654594785891234,1.6954,USD,4.634944146145772,1.3723406076166,Finance,Strong buy
MDT,Medtronic plc.,90.6,USD,-0.7340856798509935,7830501,1.226736193771687,115972098835.52316,USD,24.314967392179486,3.7261,USD,3.002073255010367,3.1226032650378,Health technology,Buy
HWM,Howmet Aerospace Inc.,289.12,USD,-0.020748322843904238,1858198,0.8692941283848032,115301455419.11003,USD,62.35738164563788,4.6365,USD,35.486981677917065,0.165986582751228,Electronic technology,Buy
SNOW,Snowflake Inc.,330.11,USD,0.3617901009363972,3097374,0.6370688056540033,114416132686.10246,USD,,-3.5146,USD,16.45828381269312,0,Technology services,Strong buy
CM,Canadian Imperial Bank of Commerce,123.45,USD,-0.23436237271698082,1353487,1.6242464462142454,114390074381.20982,USD,16.634221692487873,7.42144732,USD,28.852264365883386,2.43362831858407,Finance,Buy
FTNT,"Fortinet, Inc.",155.85,USD,-2.5998375101556133,3834560,0.8053587812504702,114349264225.91745,USD,54.915433403805494,2.838,USD,13.261763179949714,0,Technology services,Neutral
BNS,Bank Nova Scotia Halifax Pfd 3,91.35,USD,-0.20755953681452036,971945,0.4393604033231268,112591989140.06064,USD,17.172259886639136,5.31962599,USD,53.813572502080554,3.4966136399433,Finance,Neutral
VRT,"Vertiv Holdings, LLC",292.43,USD,-0.47985298121425546,3575813,0.759173174716156,112582094910.29109,USD,66.16961578494818,4.4194,USD,111.13128224727693,0.0765722842363191,Electronic technology,Strong buy
BNY,The Bank of New York Mellon Corporation,164.27,USD,0.6309728007841222,2326054,0.9499215904078933,111457880535.42018,USD,19.12473513865928,8.5894,USD,31.18795246968262,1.35996079392306,Finance,Buy
ENB,Enbridge Inc,50.58,USD,-0.6482027106658776,3733416,0.5272010216477692,110471042976.11047,USD,27.601456361540876,1.8325120000000001,USD,-12.286920837801109,5.41707973374876,Industrial services,Buy
PBR,Petroleo Brasileiro S.A. Petrobras,18.25,USD,2.0693512304250614,19812230,1.2923890551312538,109494377010.10379,USD,4.615812635945167,3.9538,USD,86.33300344031292,5.37645413870246,Energy minerals,Buy
PBR.A,Petroleo Brasileiro S.A. Petrobras,16.34,USD,1.6801493466085848,7889302,1.0942891762548312,109494377010.10379,USD,4.13273306692296,3.9538,USD,86.33300344031292,5.97186060983199,Energy minerals,Buy
BP,BP p.l.c.,42.85,USD,0.7524100634845997,8913110,1.1752715733216355,109320500691.07199,USD,20.635685046954013,2.0765,USD,837.0487364620939,4.64801316717611,Energy minerals,Buy
NET,"Cloudflare, Inc.",307.01,USD,-2.777249984166186,3320060,0.636192278666191,109320032699.66063,USD,,-0.5828,USD,-72.17134416543573,0,Technology services,Buy
BYDDY,"BYD Co., Ltd.",11.44,USD,1.598579040852573,513088,0.5313986696598029,109276557338.98541,USD,27.096162955945047,0.4222,USD,-40.56869369369369,0.32794771474302,Producer manufacturing,Strong buy
PWR,"Quanta Services, Inc.",722.31,USD,5.3267811834699135,1434748,1.5865430442251078,108594534183.41318,USD,82.72840764623014,8.7311,USD,35.41417869938117,0.0627023243605821,Industrial services,Buy
ABNB,"Airbnb, Inc.",179.29,USD,-2.5915462349234,3942358,0.5962535236373921,107356286286.65402,USD,40.75235822252529,4.3995,USD,6.145049218297618,0,Consumer services,Buy
MO,"Altria Group, Inc.",63.96,USD,-2.648401826484021,13976864,1.4363335835560376,106796814658.08035,USD,13.468949396676985,4.7487,USD,-8.228814378200786,6.45357686453577,Consumer non-durables,Neutral
IBN,ICICI Bank Limited,29.4,USD,-1.1432414256893069,4809719,1.0704776919668888,106581118349.38283,USD,17.247448081661386,1.7046,USD,0.7030188456312282,0.712400806993948,Finance,Strong buy
SO,Southern Company (The),92.29,USD,-0.5495689655172317,4484403,0.7730813475527751,106167008185.78299,USD,22.268603416658625,4.1444,USD,7.0047248973690355,3.21120689655173,Utilities,Neutral
GD,General Dynamics Corporation,391.14,USD,-1.1723684875435814,725783,0.8895924681204536,105825738947.5408,USD,23.846801038885026,16.4022,USD,10.135098839707785,1.56147354590934,Electronic technology,Buy
ADP,"Automatic Data Processing, Inc.",266.06,USD,-2.5278429073856894,2289425,1.0488751516383215,105695725645.01276,USD,24.313481800985116,10.9429,USD,9.619738344719813,2.43259085580305,Technology services,Neutral
BN,Brookfield Corporation,42.75,USD,-2.508551881413914,4255064,0.8332922405346183,104817528420.05423,USD,81.48742863416777,0.5246208,USD,78.2519800695957,0.590483688245301,Finance,Strong buy
SNY,Sanofi,44.41,USD,1.578225068618476,1928305,0.6808102874782214,104765018247.15752,USD,22.8728883395138,1.9416,USD,-30.908832111593483,4.03663998170174,Health technology,Buy
TT,Trane Technologies plc,475.32,USD,-1.0162432319866714,606003,0.6514926956849681,104581419673.57184,USD,36.004999431882744,13.2015,USD,4.751362803208827,0.828821324448147,Producer manufacturing,Buy
APP,Applovin Corporation,311.98,USD,-1.0968805478062325,5974878,0.7291659636732717,104404417655.68723,USD,23.979646738712706,13.0102,USD,93.2791585577823,0,Technology services,Strong buy
ACN,Accenture plc,169.98,USD,-3.906382497597375,5041059,0.9010853330514339,104017924372.37424,USD,13.57472567841684,12.5218,USD,-0.3414327441164492,3.68590649556221,Technology services,Buy
CNQ,Canadian Natural Resources Limited,49.27,USD,2.7100271002710117,4695032,0.6859337997310486,101570110600.65096,USD,12.447230010056817,3.9583104,USD,36.93267598810558,3.65155850022587,Energy minerals,Buy
PNC,"PNC Financial Services Group, Inc. (The)",254.55,USD,-0.9417441724715009,1073743,0.8509523556297909,101551110294.19719,USD,14.000572013156303,18.1814,USD,24.22383164799126,2.76296843989571,Finance,Buy
SPOT,Spotify Technology S.A.,492.47,USD,-3.9682539682539724,1813708,0.8172236848105114,101390877170.7857,USD,30.661137986639027,16.0617,USD,285.97793958618695,0,Technology services,Buy
USB,U.S. Bancorp,64.87,USD,-0.8407214918984977,5602525,0.9735631137080325,101070798863.46132,USD,12.943453449858335,5.0118,USD,19.95117514719256,3.17945582390706,Finance,Buy
ADBE,Adobe Inc.,254.04,USD,-3.7800166654041325,3871095,0.89540642103757,100980895798.07333,USD,14.529938972426061,17.4839,USD,11.805369041681042,0,Technology services,Neutral
MPC,Marathon Petroleum Corporation,358.18,USD,0.7765460581846804,3043639,1.1568829223713608,100585808294.9136,USD,12.331686491883424,29.0455,USD,330.27183171616923,1.10010691576163,Energy minerals,Buy
MCK,McKesson Corporation,859.92,USD,-1.0448791714614547,1137251,1.019008878205048,100258384563.05594,USD,23.011094520174044,37.3698,USD,49.10940866650705,0.377445339470656,Distribution services,Strong buy
VLO,Valero Energy Corporation,347.19,USD,1.615593994204929,2161247,0.7469556740248834,99965538668.10464,USD,14.40192141766775,24.1072,USD,899.6350970310168,1.38437673778792,Energy minerals,Buy
ING,"ING Group, N.V.",35.63,USD,-0.1960784313725498,1616318,0.6823800482283605,99572791065.03,USD,13.257181128144069,2.6876,USD,,3.01338655462185,Finance,Buy
GSK,GSK plc,50.28,USD,1.5347334410339217,2814957,0.848605705961198,98535507455.121,USD,15.840710752654296,3.1741,USD,47.94910040085766,3.5655169628433,Health technology,Neutral
CEG,Constellation Energy Corporation,277.7735,USD,-0.1533069734004227,3076,0.001079283362864505,98417199087.28964,USD,27.05234709777951,10.268,USD,7.150310973828108,0.576495575221239,Utilities,Strong buy
FCX,"Freeport-McMoRan, Inc.",68.38,USD,2.842532711685969,9837433,0.8500868775262874,98194870489.73228,USD,33.7645664625716,2.0252,USD,53.400999848507794,0.902391337043164,Non-energy minerals,Buy
KKR,KKR & Co. Inc.,108.83,USD,-4.5434610999035225,7075575,1.1756458411049115,97689686367.67485,USD,34.69348720073958,3.1369,USD,50.4364089775561,0.657837031839312,Finance,Buy
EQNR,Equinor ASA,41.82,USD,2.5754231052244227,2885357,1.0493673334289104,97621623919.09872,USD,11.380830566592282,3.6746,USD,21.6956449743335,2.7924944812362,Energy minerals,Neutral
DUK,Duke Energy Corporation (Holding Company),123.58,USD,-0.2743705616526819,2896574,0.5112355188715568,96355597622.69688,USD,18.54052269931287,6.6654,USD,8.975868157739853,3.43770174306004,Utilities,Buy
CME,CME Group Inc.,267.88,USD,-0.7116382505559732,2150692,1.2625519659152555,96324084821.46121,USD,22.717674296327075,11.7917,USD,14.121324739175051,4.16975537435137,Finance,Buy
AEM,Agnico Eagle Mines Limited,188.78,USD,1.2442346884050162,2138020,0.6172022294129041,96179085675.57704,USD,16.588416347001203,11.380230399999999,USD,88.58597700083142,0.9078153370678,Non-energy minerals,Buy
PSX,Phillips 66,240.55,USD,2.97076323787509,3820902,1.345819590810335,95984478837.73875,USD,13.691807682894206,17.5689,USD,322.8171929149018,2.11463550361714,Energy minerals,Buy
BCS,Barclays PLC,27.8,USD,-1.208244491826581,2766643,0.9789815925942217,94831055219.571,USD,10.259059709203632,2.7098,USD,22.921297346337045,1.58839374555792,Finance,Buy
CSX,CSX Corporation,50.58,USD,0.8373205741626829,7751492,0.7691368190288113,93698177806.11246,USD,29.20997920997921,1.7316,USD,6.402851173651228,1.07655502392345,Transportation,Buy
JCI,Johnson Controls International plc,153.92,USD,0.18224420723769927,2280285,0.6851782908560817,93235733789.83807,USD,26.75706214689265,5.7525,USD,70.84942084942087,1.04139546992971,Producer manufacturing,Buy
MAR,Marriott International,356.57,USD,-0.042049786947755685,1313291,0.6212658981391319,92981438620.4083,USD,36.95715262950603,9.6482,USD,8.838426568298985,0.768109441578829,Consumer services,Buy
MMM,3M Company,180.21,USD,-1.3358883109772777,3873969,1.4980461246447,92938332780.50392,USD,31.997514204545457,5.632,USD,-21.668984700973585,1.65343553243909,Producer manufacturing,Buy
DASH,"DoorDash, Inc.",212.72,USD,-1.981384204220814,4447964,0.9411628986943141,92176666060.6495,USD,111.69922285234193,1.9044,USD,5.953043284744631,0,Transportation,Strong buy
INTU,Intuit Inc.,335.6,USD,-2.910374356303883,3531557,1.0673202717885768,91799013911.5744,USD,20.321289517823516,16.5147,USD,34.38603629261943,1.38864780420066,Technology services,Buy
CMCSA,Comcast Corporation,25.57,USD,-2.33002291825821,21547008,0.8752249945220778,90738636712.42438,USD,8.279904151285539,3.0882,USD,-49.000049543375226,5.04201680672269,Consumer services,Buy
LYG,Lloyds Banking Group Plc,6.15,USD,-0.9661835748792208,8148494,0.6302146218608554,90456992818.56601,USD,14.375876577840113,0.4278,USD,,3.14867954911433,Finance,Buy
EMR,Emerson Electric Company,162.05,USD,-0.6864006864006719,2054134,0.6028535299129819,90391487007.68126,USD,35.41070296964797,4.5763,USD,-1.699102117970537,1.34369062940492,Electronic technology,Buy
WMB,"Williams Companies, Inc. (The)",73.45,USD,-2.327127659574468,7940296,1.275287944946876,89841647794.05719,USD,29.320186818889464,2.5051,USD,26.392532795156416,2.72606382978723,Industrial services,Buy
MHVIY,Mitsubishi Heavy Industries Ltd.,13.62,USD,1.5659955257270624,663202,0.8463512188722481,89694418566.17137,USD,35.795006570302235,0.3805,USD,52.2,0.396504411544788,Producer manufacturing,No rating
WM,"Waste Management, Inc.",224.02,USD,-0.23602761077711026,1828824,0.9164878908972769,89544195716.0155,USD,31.710666006086775,7.0645,USD,4.823871561266581,1.57648630594522,Industrial services,Buy
MNST,Monster Beverage Corporation,45.52,USD,-2.776591200341728,9818227,0.8539856807360593,89176035434.4417,USD,42.24201930215294,1.0776,USD,34.5822405395279,0,Consumer non-durables,Buy
CDNS,"Cadence Design Systems, Inc.",323.47,USD,-0.4156148020441986,2010561,1.0138192404800572,89081377456.36458,USD,64.3567705224623,5.0262,USD,35.99761891877266,0,Technology services,Strong buy
DDOG,"Datadog, Inc.",247.32,USD,-3.1864088311281664,3777071,0.5676766853330643,88806441861.68558,USD,505.2502553626149,0.4895,USD,41.43311181739381,0,Technology services,Strong buy
MRSH,Marsh,184.21,USD,-1.9220530294963185,1337544,0.7833706683809083,87907092062.59962,USD,22.541053816597735,8.1722,USD,-1.9073111593907066,1.96464700244915,Finance,Neutral
HCA,"HCA Healthcare, Inc.",404.98,USD,0.07413264801819001,1005650,0.9120846201210411,87678774004.43279,USD,13.558584346929415,29.8689,USD,25.46742221531456,0.741326480181872,Health services,Buy
UPS,"United Parcel Service, Inc.",102.02,USD,-2.3732057416267978,4547515,0.8855948784566664,86796732938.27043,USD,18.991418306372047,5.3719,USD,-20.137071836346333,6.27751196172249,Transportation,Buy
ICE,Intercontinental Exchange Inc.,154.31,USD,-0.27144057390291965,2639606,0.7283572083441798,86628778307.01985,USD,21.79242751627618,7.0809,USD,35.9202242014742,1.29257416144251,Finance,Strong buy
HOOD,"Robinhood Markets, Inc.",96.25,USD,0.7220594390958536,11456694,0.7502041311047675,86536668010.88321,USD,42.62244265344079,2.2582,USD,14.69930922389272,0,Finance,Buy
PROSY,Prosus NV,8.6,USD,-1.2629161882893365,1177519,1.5049393164580036,86141691114.93,USD,8.12010197337362,1.0591,USD,3.2060027285129538,0.349607480951281,Technology services,Buy
ITUB,Itau Unibanco Banco Holding SA,7.36,USD,-0.540540540540541,14307367,0.6044101869353006,85237596920.4408,USD,9.592076111038708,0.7673,USD,12.95451199764463,7.19564363993378,Finance,Strong buy
SHW,Sherwin-Williams Company (The),349.97,USD,-2.5424672793093834,2192173,1.2557722584679436,84958075907.01947,USD,32.26541035900651,10.8466,USD,7.709876665806048,0.885547201336675,Process industries,Buy
ELV,"Elevance Health, Inc.",390.24,USD,-2.5179856115107877,900652,0.9452384238329903,84631074531.42807,USD,17.344693787751513,22.4991,USD,-4.238366624246124,1.71362909672262,Health services,Buy
ASX,"ASE Technology Holding Co., Ltd.",39.91,USD,0.9357612544258913,7176165,0.9880859756578719,84499993810.49611,USD,46.69474669474669,0.8547,USD,81.04215208642236,0.758032372281234,Electronic technology,Strong buy
BAM,Brookfield Asset Management Inc,52.57,USD,-3.2038298655864517,2775831,0.8323816786316324,83967516314.0917,USD,31.184037189737516,1.6857984,USD,10.931106900430727,3.43479362972794,Finance,Buy
EPD,Enterprise Products Partners L.P.,38.61,USD,-0.7455012853470415,2815628,0.8512583266391685,83377421627.90439,USD,13.42069588793493,2.8769,USD,7.479358912093255,5.66838046272494,Industrial services,Buy
CP,Canadian Pacific Kansas City Limited,93.92,USD,0.44919786096256864,2486466,0.8113744472976456,82563119907.03036,USD,30.986456754097393,3.0310015999999997,USD,-8.052163002709598,0.733549083063646,Transportation,Buy
ITW,Illinois Tool Works Inc.,287.28,USD,-1.2138509679859804,970410,0.9930665146108931,81817339806.52797,USD,26.03824888969455,11.033,USD,-3.183629056318995,2.21450431553248,Producer manufacturing,Neutral
NGG,"National Grid Transco, PLC National Grid PLC (NEW)",81.29,USD,0.29611351017891313,1117445,1.6472267149542823,81173050458.91798,USD,18.621858749685014,4.3653,USD,13.795260811761953,3.95990129549661,Utilities,Buy
RCL,Royal Caribbean Cruises Ltd.,301.79,USD,-1.052459016393436,1568379,1.0245696181643653,80938562050.45094,USD,18.63890707412577,16.1914,USD,22.036223309239748,1.63934426229508,Consumer services,Buy
AMT,American Tower Corporation (REIT),172.23,USD,-1.9079621824809334,2678518,1.1330030945137342,80252300676.88727,USD,23.68106257476385,7.2729,USD,164.01786038407087,3.97539583096025,Finance,Strong buy
SLB,SLB Limited,53.86,USD,0.16737957969127076,6545988,0.6626487162433082,79935959386.08554,USD,26.14309290360159,2.0602,USD,-29.425870101397646,2.1573368049098,Industrial services,Buy
APO,"Apollo Global Management, Inc. (New)",134.54,USD,-4.418868996874111,4468771,1.0855780309335874,79451680762.14565,USD,50.88887207806944,2.6438,USD,-50.116981132075466,1.48657289002558,Finance,Buy
MDLZ,"Mondelez International, Inc.",62.18,USD,-2.2480742021694695,6586721,0.9119392272467033,79360831169.22716,USD,22.8074679969189,2.7263,USD,-0.4418638621092528,3.14415972331395,Consumer non-durables,Buy
CTAS,Cintas Corporation,197.82,USD,-0.8520449077786773,2248962,1.2311214139972166,79161543196.80193,USD,40.303159953548075,4.9083,USD,11.516790112237015,0.902165196471532,Commercial services,Buy
SNPS,"Synopsys, Inc.",413.22,USD,-1.9644128113878938,1111267,0.8411509023963483,79123086404.45125,USD,95.59745517640256,4.3225,USD,-68.87197361409169,0,Technology services,Buy
FDX,FedEx Corporation,331.49,USD,-0.9413100645469691,1469270,0.9347737528391947,78424302774.526,USD,17.88261315207423,18.537,USD,9.927059242127733,1.66447525699259,Transportation,Buy
SU,Suncor Energy Inc.,66.66,USD,1.2762078395624483,2621944,0.44943891101677147,77967513795.78477,USD,12.631062910196894,5.2774656,USD,58.695846324526144,2.59186351706037,Energy minerals,Buy
ECL,Ecolab Inc.,275.84,USD,-0.09778711383145798,2384235,2.172459518466774,77325832167.66882,USD,37.004641678516805,7.4542,USD,-0.31693389855440474,1.02857556770852,Process industries,Buy
CVNA,Carvana Co.,70.09,USD,-7.276094721524011,7524721,0.9218372926620709,77131503855.94115,USD,32.51229242044717,2.1558,USD,169.87981972959443,0,Retail trade,Buy
EOG,"EOG Resources, Inc.",146.15,USD,2.482294369258812,2037163,0.6298303223854889,76659939225.7545,USD,11.369205516962403,12.8549,USD,24.99538130937449,2.86094944253559,Energy minerals,Buy
NSC,Norfolk Southern Corporation,341.12,USD,2.0065189438114825,1394175,1.240486754305457,76618407304.25429,USD,29.121207464699754,11.7138,USD,-20.859119530848844,1.61478424688257,Transportation,Neutral
CNI,Canadian National Railway Company,126.59,USD,-0.19709870703248183,1052054,0.8057329706699915,76605669038.28168,USD,23.098260829962353,5.4804992,USD,2.841157928744824,2.04980951839427,Transportation,Buy
HPE,Hewlett Packard Enterprise Company,57.61,USD,-1.8736160790325351,10835034,0.6070645008854597,76287361939.37608,USD,54.18038183015142,1.0633,USD,9.856390122946578,0.949582694600579,Electronic technology,Buy
NWG,NatWest Group plc,19.04,USD,-0.31413612565446214,3133113,0.902746399531753,76127315747.274,USD,9.52,2,USD,29.483361388061635,4.47640314136126,Finance,Buy
TRV,"The Travelers Companies, Inc.",364.51,USD,-1.5795442272383688,1134248,0.6675540329810236,76027674692.84387,USD,9.760349167246828,37.346,USD,65.14110353488454,1.22853439896317,Finance,Neutral
MSI,"Motorola Solutions, Inc.",457.08,USD,-2.0213928961865784,825833,0.8487043080453603,75643895992.60774,USD,36.00132323057293,12.6962,USD,2.1851634244689984,1.01176823647939,Electronic technology,Buy
ROST,"Ross Stores, Inc.",235.28,USD,-4.108249103358336,2943838,1.478830313470002,75473369606.6609,USD,32.79026660906164,7.1753,USD,13.472182686529393,0.692859471796544,Retail trade,Buy
LITE,Lumentum Holdings Inc.,968.9,USD,4.617012546699202,5388244,0.9447265657669109,75380424149.11072,USD,,-82.2281,USD,-34971.96776929601,0,Producer manufacturing,Strong buy
SE,Sea Limited,119.45,USD,-2.041987862883381,3949822,0.667622485977479,74686364108,USD,45.217095052428355,2.6417,USD,34.17136472141805,0,Retail trade,Strong buy
BSX,Boston Scientific Corporation,51.43,USD,-0.7717538105344368,18151325,1.028864392455486,74533875416.64326,USD,20.85479096549207,2.4661,USD,46.7741935483871,0,Health technology,Strong buy
GM,General Motors Company,84.37,USD,-2.7659329261265317,4734811,1.0168075003058599,74030583404.0703,USD,42.555230505396956,1.9826,USD,-68.57106623125456,0.760631554684799,Consumer durables,Buy
AON,Aon plc,347.22,USD,-2.4196947980777215,709506,0.758120394484264,73654193366.95828,USD,19.145240707759665,18.1361,USD,51.84785156904115,0.858556052047326,Finance,Buy
HLT,Hilton Worldwide Holdings Inc.,326.12,USD,-0.3331194034412075,2701603,1.3105515142562825,73398166822.53685,USD,47.91865642035353,6.8057,USD,4.542242703533027,0.183368478958467,Consumer services,Buy
MFC,Manulife Financial Corporation,44.23,USD,-0.5173189383715789,5239006,1.9246278536643824,73388599959.60619,USD,16.97973150602809,2.6048704,USD,14.048556541914262,2.99692208002592,Finance,Buy
DLR,"Digital Realty Trust, Inc.",197.91,USD,-1.1191606295278587,1881354,0.903508989303429,73233860891.0587,USD,96.26909232415605,2.0558,USD,-46.11977460359062,2.4381713714714,Finance,Strong buy
NBIS,Nebius Group N.V.,268.85,USD,-3.179919331604719,19722262,0.6974294605814778,73088276658.39311,USD,,-0.13,USD,-114.14427157001417,0,Technology services,Buy
ORLY,"O'Reilly Automotive, Inc.",90.23,USD,-0.9006040637012556,4461031,1.002502395786544,72992536823.1106,USD,28.694546032755607,3.1445,USD,12.468257090740005,0,Retail trade,Strong buy
CI,The Cigna Group,275.33,USD,-2.5587485843714672,893509,0.4151247157283825,72753338723.20465,USD,11.386541937031385,24.1803,USD,32.04187280888568,2.17298980747452,Health services,Buy
HON,Honeywell International Inc.,229.45,USD,-1.9276799452898015,2599414,0.7889193274694715,72721885646.97191,USD,8.484290473707759,27.0441,USD,53.73390557939914,0,Producer manufacturing,Buy
ET,Energy Transfer LP,20.94,USD,-0.5225653206650804,5344743,0.4928623188519395,72102690184.07031,USD,14.347379239465571,1.4595,USD,12.650509416486564,6.34204275534442,Industrial services,Strong buy
KMI,"Kinder Morgan, Inc.",32.33,USD,-1.492992078001225,9505976,1.0379179257067261,71992508054.1819,USD,20.855373500193522,1.5502,USD,27.19067935674433,3.58013406459476,Industrial services,Buy
AMX,"America Movil, S.A.B. de C.V.",23.68,USD,0.9808102345415798,1725162,0.6220605665671585,71960062873.0875,USD,14.269358240433865,1.6595,USD,76.61770966368667,2.52754797441365,Communications,Buy
CL,Colgate-Palmolive Company,90.21,USD,-1.8923327895595532,3969794,0.914112066744236,71912955046.52266,USD,35.685747062779384,2.5279,USD,-28.947664286918883,2.28384991843393,Consumer non-durables,Buy
SPG,"Simon Property Group, Inc.",221.67,USD,0.9518171053829926,1125725,0.7516422654877467,71883574113.35112,USD,42.06261859582543,5.27,USD,-25.407991394318557,4.0076509700337,Finance,Buy
DB,Deutsche Bank AG,38.12,USD,-1.1410788381742862,1452269,0.9798392241326683,71409393899.70705,USD,10.100856816838398,3.7739372700000002,USD,5.9743008571097045,2.99535719634566,Finance,Buy
NU,Nu Holdings Ltd.,14.74,USD,-3.2173342087984254,75716786,1.1968862993245617,71201339199.47339,USD,20.059880239520957,0.7348,USD,56.40698169433802,0,Finance,Buy
WBD,"Warner Bros. Discovery, Inc. - Series A",27.93,USD,-0.2143622722400812,13857580,0.6672397167060246,70123944527.08253,USD,,-1.2732,USD,-521.58940397351,0,Consumer services,Neutral
B,Barrick Mining Corporation,42.52,USD,2.2115384615384657,8921023,0.6869462227449533,69983003739.02423,USD,11.2294742535516,3.7864639999999996,USD,132.02622249078243,2.18648615916955,Non-energy minerals,Buy
TER,"Teradyne, Inc.",443.14,USD,5.814369970629663,3107315,1.1398025887439123,69280838717.50095,USD,60.79822190514083,7.2887,USD,152.82528009989946,0.119391580505743,Electronic technology,Buy
AEP,"American Electric Power Company, Inc.",126.53,USD,0.7404458598726169,2923011,0.7716376425442066,68882602172.75804,USD,21.926662738710014,5.7706,USD,-15.46518611839503,3.00955414012739,Utilities,Buy
PCAR,PACCAR Inc.,130.84,USD,0.03822922241762472,2385086,0.6613258786894805,68869583801.10895,USD,27.54294375210509,4.7504,USD,-18.58504147528622,1.02454316079211,Producer manufacturing,Neutral
COHR,Coherent Corp.,351.22,USD,7.792407083448438,8609609,0.975985727153214,68712441949.27269,USD,85.40719305498139,4.1123,USD,,0,Electronic technology,Buy
TGT,Target Corporation,151.01,USD,-2.2462454686690827,6122401,1.5733302475260476,68587400884.96037,USD,19.927158522584815,7.5781,USD,-16.704953890458228,2.95183842568617,Retail trade,Neutral
BE,Bloom Energy Corporation,232.16,USD,0.9654692528485687,10638685,0.7892268056035798,68377468851.06793,USD,316.3373756642594,0.7339,USD,15514.893617021275,0,Electronic technology,Buy
APD,"Air Products and Chemicals, Inc.",300.86,USD,-2.6248503090915016,898063,1.061526386772749,66997169306.465034,USD,,-0.2151,USD,-103.09207216272551,2.33032333236237,Process industries,Buy
RSG,"Republic Services, Inc.",215.26,USD,0.25615947091424845,1097044,0.7835427482206009,65915408604.4634,USD,30.490516862845084,7.0599,USD,4.356116596700759,1.16436123142844,Industrial services,Buy
ALL,Allstate Corporation (The),258.1,USD,-1.2662101679354278,1323819,0.6797696313398982,65262639340.14231,USD,5.154309769823424,50.0746,USD,135.47341938821094,1.59136987873455,Finance,Neutral
BKR,Baker Hughes Company,64.9,USD,0.1234186979327561,5895568,0.9066844457097673,64424546986.40699,USD,20.854755784061698,3.112,USD,1.8091405764386397,1.41931502622647,Industrial services,Buy
NTDOY,"Nintendo Co., Ltd.",13.73,USD,-1.8584703359542516,1742897,0.9221057144781427,64381464304.80682,USD,20.70577590107073,0.6631,USD,57.02107506511959,1.44942816297355,Consumer durables,Buy
TFC,Truist Financial Corporation,52.53,USD,-1.0734463276836164,6457026,1.0117977144181816,64172023529.21186,USD,12.059782359153312,4.3558,USD,18.367346938775523,3.91713747645951,Finance,Neutral
CRH,CRH PLC,96.05,USD,-1.132269686052505,4445276,0.9454915127571534,63900575775.151825,USD,16.937944169150192,5.6707,USD,18.52726626674749,1.5645908389089,Non-energy minerals,Strong buy
AJG,Arthur J. Gallagher & Co.,247.97,USD,-1.2897575733450137,853840,0.6730991476368847,63554709671.36014,USD,41.02882292597373,6.0438,USD,-8.900712961427725,1.07479797778751,Finance,Buy
TRP,TC Energy Corporation,63.28,USD,-1.155888784754756,1676011,0.6428329354136643,63279998913.16512,USD,26.936279183806906,2.349248,USD,-21.614753795877807,3.8885762521103,Industrial services,Buy
CIEN,Ciena Corporation,445.18,USD,3.8272267182871995,2494716,1.170912022767937,63016526189.337265,USD,148.1809406517325,3.0043,USD,318.48446858894005,0,Electronic technology,Buy
TEL,TE Connectivity plc,217.38,USD,0.5318410951301881,1384245,0.7268135658844109,62934381239.647606,USD,21.309048846715616,10.2013,USD,110.62705180352239,1.34578920593812,Electronic technology,Buy
WPM,Wheaton Precious Metals Corp,136.61,USD,1.7882423068325797,1695901,0.7922765901863341,62042793931.1505,USD,31.14190037947481,4.3866944,USD,146.00875424842607,0.53882255033557,Non-energy minerals,Strong buy
NUE,Nucor Corporation,272.68,USD,1.4019560447733372,917530,0.7233364436440396,61864458915.76974,USD,21.754184417532272,12.5346,USD,126.28899480069322,0.829273734706779,Non-energy minerals,Buy
KEYS,Keysight Technologies Inc.,361.15,USD,0.9306355150634352,1817453,1.9386556166305646,61718864313.357834,USD,59.503410551290074,6.0694,USD,42.551142635695335,0,Electronic technology,Buy
MET,"MetLife, Inc.",96.68,USD,-1.0034814663116831,2485068,0.7169028222263796,61437911771.511375,USD,18.50051666730453,5.2258,USD,-11.437626044367619,2.3499897603932,Finance,Buy
NOKBF,Nokia Corp.,10.91,USD,1.6633275870102004,48018,0.07422450555640402,60894316466.969666,USD,76.85368589643569,0.141958058,USD,-32.29847623704099,1.51679306608884,Electronic technology,Buy
AFL,AFLAC Incorporated,120.98,USD,-0.38699053108274917,1492041,0.714031427909238,60652513662.22841,USD,12.964967367890862,9.3313,USD,110.97696081756314,1.95965417867435,Finance,Neutral
D,"Dominion Energy, Inc.",68.77,USD,0,3501616,0.9831781447707479,60484995937,USD,23.915840723352456,2.8755,USD,-0.6529850746268628,3.88250690708158,Utilities,Neutral
PSA,Public Storage,324.31,USD,-0.49703924155493645,623012,0.7961457575513227,60475984990.624306,USD,30.925839396568986,10.4867,USD,14.418670623663427,3.68177215966619,Finance,Buy
OKE,"ONEOK, Inc.",95.32,USD,0.3474049899989455,3815786,0.9677819347334985,60086837494.00273,USD,16.466564168120648,5.7887,USD,12.846755170867707,4.42151805453206,Industrial services,Buy
MPLX,MPLX LP,59.08,USD,-0.6724949562878254,1105459,0.6994561250110807,59898746506.57566,USD,12.716588820250113,4.6459,USD,10.254402202287725,7.03765971755212,Industrial services,Buy
COR,"Cencora, Inc.",312.52,USD,-0.4142502071251072,992051,0.5103890209441156,59637311358.57001,USD,23.23447850297754,13.4507,USD,38.36887530989928,0.748836912879995,Distribution services,Buy
RELX,RELX PLC PLC,33.56,USD,-2.526866105140858,1687419,0.6848858428214024,59604317376.450005,USD,20.037017135351366,1.6749,USD,25.207445615608897,2.60984606447865,Commercial services,Strong buy
TRGP,"Targa Resources, Inc.",277.94,USD,0.7795786649262036,1127760,1.0072949749757187,59598958159.56423,USD,26.5346648082027,10.4746,USD,49.97780673243511,1.63167627542696,Utilities,Buy
NOK,Nokia Corporation Sponsored,10.78,USD,0.18587360594795144,89162197,1.2201185135569916,59579842039.8795,USD,74.44751381215468,0.1448,USD,-24.544033350703483,1.10954460966543,Electronic technology,Buy
CVE,Cenovus Energy Inc,32.13,USD,3.6117381489842018,5791515,0.8090823805783739,59255592531.95199,USD,12.745888945025987,2.5208128,USD,141.60591206894858,1.90211087914637,Energy minerals,Strong buy
O,Realty Income Corporation,62.4,USD,-0.5419190309212678,5340912,0.8997229073950878,59044009684.66688,USD,45.64072557050907,1.3672,USD,33.38536585365854,5.16257570927638,Finance,Buy
OXY,Occidental Petroleum Corporation,59.04,USD,1.1651816312542833,6575396,0.7280406866860373,59018592131.407814,USD,17.491778508577013,3.3753,USD,98.32540102238676,1.71350239890336,Energy minerals,Buy
FAST,Fastenal Company,51.23,USD,0.41160329282633035,7208605,0.8978400451602576,58786306708.1025,USD,43.59628967747425,1.1751,USD,13.569150478399544,1.88161505292042,Distribution services,Neutral
NXPI,NXP Semiconductors N.V.,232.72,USD,-0.8478547995398615,3330522,0.8465545660101425,58683647160.7168,USD,19.86156984236714,11.7171,USD,39.66719511759026,1.72808998338375,Electronic technology,Buy
CRWV,"CoreWeave, Inc.",106,USD,0.7030210906327141,32398268,0.8690074368643209,58462879258.61675,USD,,-3.6625,USD,-47.0942608136873,0,Technology services,Buy
AME,"AMETEK, Inc.",254.17,USD,-0.24333765061423313,1931975,1.4829607371853302,58271329291.39369,USD,37.15175256526442,6.8414,USD,10.327366553781657,0.510224106126614,Producer manufacturing,Buy
NKE,"Nike, Inc.",39.09,USD,-4.0265160815123835,58657502,2.499718343555406,57989964075.50971,USD,18.630254503860456,2.0982,USD,-2.8296207104154196,4.0019641541861,Consumer non-durables,Neutral
FANG,"Diamondback Energy, Inc.",206.29,USD,1.8866992640885034,1178401,0.6490635322168282,57766224134.00855,USD,39.96706383803158,5.1615,USD,-63.303828516583124,2.04968637328987,Energy minerals,Strong buy
DAL,"Delta Air Lines, Inc.",87.59,USD,-1.9697817571348526,3938826,0.9338595074215236,57601196345.69436,USD,14.551525924941439,6.0193,USD,-12.686577989236861,0.87017347509793,Transportation,Strong buy
VALE,VALE S.A.,13.75,USD,0.8804108584005812,10426388,0.43215088041621114,56892655627.23599,USD,28.996204133277097,0.4742,USD,-60.55892871995342,6.66576669112252,Non-energy minerals,Buy
SRE,DBA Sempra,85.94,USD,-0.5439185279481529,3285944,0.711337519169206,56196201952.37889,USD,24.905091720520474,3.4507,USD,-16.443895588164086,3.01469737298924,Utilities,Buy
TAK,Takeda Pharmaceutical Company Limited,17.38,USD,-1.4180374361883155,2465382,0.6836421382632091,56194970656.582855,USD,,-0.3374,USD,-214.17935702199662,3.31163357912649,Health technology,Buy
F,Ford Motor Company,14.05,USD,-2.2268615170493984,31475766,0.745774331047109,56027794439.5268,USD,,-1.7311,USD,-320.88809493428613,4.17536534446764,Consumer durables,Buy
ALAB,"Astera Labs, Inc.",320.17,USD,-0.44774727154006333,5695606,1.1777037889513031,55544724313.68952,USD,157.6415558838011,2.031,USD,256.1283534981589,0,Electronic technology,Buy
LNG,"Cheniere Energy, Inc.",266.93,USD,-1.7339125312914077,1513689,0.9564408993958651,55130163410.950455,USD,19.86204535984285,13.4392,USD,-21.674311258239555,0.797010749521425,Industrial services,Strong buy
MT,Arcelor Mittal NY Registry Shares NEW,73.8,USD,-0.0812347684809129,1131415,0.9278106615627096,54830383961.35501,USD,31.0841546626232,2.3742,USD,-27.529684686059642,0.661724884917411,Non-energy minerals,Buy
CAH,"Cardinal Health, Inc.",235.66,USD,0.20835990985245104,1802012,0.8035744824080588,54808795956.503815,USD,32.56051729855201,7.2376,USD,12.39381939591583,0.870816855891483,Distribution services,Buy
BAYRY,Bayer A.G.,13.84,USD,0,308318,0.25227195145140774,54297729717.484505,USD,,-0.5118,USD,47.226232212827384,0.167745898677459,Health technology,Buy
NDAQ,"Nasdaq, Inc.",96.68,USD,-0.35044320758605363,2140044,0.7881612366481707,54041928904.54876,USD,28.17344678867001,3.4316,USD,31.852762621993403,1.15440115440115,Finance,Strong buy
DEO,Diageo plc,91.82,USD,-3.7929589270746065,1172267,0.6871596418251728,53070477979.827,USD,29.625088726850354,3.0994,USD,-26.807726821895812,3.39396479463537,Consumer non-durables,Buy
STT,State Street Corporation,193.04,USD,0.6780014603108286,1569188,1.1270775263892368,53028427669.45488,USD,17.020526204415603,11.3416,USD,27.095263175588595,1.75237300511109,Finance,Buy
CRDO,Credo Technology Group Holding Ltd,282.82,USD,8.81877645248173,5762820,1.3234328370959683,52739675615.795074,USD,114.04952012259052,2.4798,USD,789.7739504843918,0,Technology services,Strong buy
EW,Edwards Lifesciences Corporation,90.81,USD,-0.8624454148471529,2246351,0.6883490098761191,52342885345.296616,USD,53.88677901732732,1.6852,USD,15.046422719825225,0,Health technology,Buy
DVN,Devon Energy Corporation,47.57,USD,3.751363140676115,14835270,1.4379237654318833,52326998259.052124,USD,11.264770655236923,4.2229,USD,-5.407342696503363,2.26826608505998,Energy minerals,Strong buy
FITB,Fifth Third Bancorp,57.6,USD,-0.7922838442990024,7703157,1.6630448376722533,52237013735.19807,USD,19.60450631360403,2.9381,USD,-8.564404195064261,2.75576989321392,Finance,Buy
LHX,"L3Harris Technologies, Inc.",278.38,USD,-4.605578781440613,2981352,2.042929202256673,51838425788.34384,USD,28.11691984486102,9.9008,USD,10.543180930050802,1.67911726406689,Electronic technology,Buy
PYPL,"PayPal Holdings, Inc.",60.47,USD,-1.9299383717158576,9233741,0.9699904948980105,51729719071.53163,USD,11.42711364753014,5.2918,USD,13.295366960691968,0.681154719429128,Commercial services,Neutral
CARR,Carrier Global Corporation,62.56,USD,-0.35043007327174075,5354125,1.0566204706299522,51569775579.41255,USD,44.08427876823339,1.4191,USD,-43.37642646237332,1.50525645109908,Producer manufacturing,Buy
ADSK,"Autodesk, Inc.",241.64,USD,-3.981562425494719,1542213,0.8867631617698936,50986040742.22253,USD,35.307869896840934,6.8438,USD,46.64866718093768,0,Technology services,Strong buy
CTVA,"Corteva, Inc.",76.01,USD,-0.8737610850286928,3228954,0.6561738322520231,50713566937.01721,USD,50.25122305963242,1.5126,USD,-26.404904393519196,0.938967136150235,Process industries,Buy
ETR,Entergy Corporation,108.52,USD,0.6305637982195778,1722307,0.7582579026151273,50638848686.38761,USD,27.747379186908717,3.911,USD,-2.653325368379127,2.33679525222552,Utilities,Buy
AU,AngloGold Ashanti PLC,99.6,USD,3.426791277258564,1573929,0.6192424867035873,50298746284.286606,USD,13.329586060143734,7.4721,USD,9056.985294117647,4.77673935617861,Non-energy minerals,Buy
INFY,Infosys Limited,11.62,USD,-3.887510339123248,15418496,0.8055935380498122,49689399952.058624,USD,14.240196078431373,0.816,USD,5.740572761435777,3.69252274607113,Technology services,Buy
BDX,"Becton, Dickinson and Company",182.09,USD,-0.7142857142857155,1310491,0.6714526204816127,49598912637.37858,USD,54.92248295831574,3.3154,USD,-40.38122639812983,2.28462377317339,Health technology,Buy
XEL,Xcel Energy Inc.,79.21,USD,0.050524188455212886,2848770,0.644734479440453,49477284798.95743,USD,21.68236067009745,3.6532,USD,1.3426542387927207,2.93671845395983,Utilities,Strong buy
RKLB,Rocket Lab Corporation,82.08,USD,2.280373831775699,18111742,0.8668863419474705,49112611083.561874,USD,,-0.2796,USD,38.885245901639344,0,Electronic technology,Buy
AXON,"Axon Enterprise, Inc.",604.32,USD,-1.3886395900983945,573058,0.4751861040126027,49093393885.868256,USD,250.27747867141557,2.4146,USD,-40.31097817219983,0,Electronic technology,Strong buy
VST,Vistra Corp.,146.11,USD,-1.3636670492135163,4037720,0.7851520294301143,49039659647.04983,USD,24.663245670301478,5.9242,USD,-6.008345364832065,0.614325254843718,Utilities,Strong buy
XYZ,"Block, Inc.",80.2,USD,-3.233590733590725,3438958,0.6062728337936761,48183916119.61872,USD,142.78084386683284,0.5617,USD,-87.9842556741609,0,Commercial services,Strong buy
STM,STMicroelectronics N.V.,55.79,USD,2.7629397679130596,9510035,1.3147600768696328,48183036850.62001,USD,111.02487562189056,0.5025,USD,-26.866540532673568,0.563639712654264,Electronic technology,Buy
FLEX,Flex Ltd.,130,USD,3.043753963221309,2716327,0.816576074008719,48022385426.9182,USD,50.19692640358329,2.5898,USD,13.732378902990646,0,Electronic technology,Strong buy
VTR,"Ventas, Inc.",91.17,USD,-0.38243006993006373,2910973,0.9307208875815264,47804654985.196365,USD,167.22303741746148,0.5452,USD,26.057803468208096,2.18531468531469,Finance,Buy
UMC,United Microelectronics Corporation (NEW),19.53,USD,1.984334203655366,7972813,0.6921813131127262,47443971055.59375,USD,18.65685899885365,1.0468,USD,104.81314811191547,1.6013681462141,Electronic technology,Sell
FERG,Ferguson Enterprises Inc.,244.98,USD,0.01633052992569284,1448320,0.1943437582431921,47392046106.597694,USD,21.928819506606036,11.1716,USD,37.48477054284554,1.43214868947497,Distribution services,Buy
WDAY,"Workday, Inc.",191.18,USD,-3.7749144352728004,4584232,0.8654952675342893,47221458259.2882,USD,59.64310226492793,3.2054,USD,76.99613473219216,0,Technology services,Buy
EXC,Exelon Corporation,45.57,USD,-0.6323593545573466,4994038,0.8008820990084479,47039811134.20127,USD,16.695365451547904,2.7295,USD,3.6177966745121837,3.57610117749673,Utilities,Neutral
CCEP,Coca-Cola Europacific Partners plc,105.57,USD,-1.9230769230769298,1609769,0.8023722724150684,46790483968.03846,USD,20.395270661875507,5.1762,USD,42.72872663100424,2.22036417688592,Consumer non-durables,Buy
HUM,Humana Inc.,384.31,USD,-1.2183523968641585,756587,0.6371188663097695,46148061337.64876,USD,36.395060325397274,10.5594,USD,-18.957127726526167,0.90990875208842,Health services,Buy
FER,Ferrovial N.V.,63.92,USD,-0.32745984718539495,696070,0.5600602615733343,45909451518.41297,USD,66.74104269531003,0.9577315160000001,USD,-82.53181421518218,1.7026036036036,Industrial services,Buy
MDLN,Medline Inc.,34.88,USD,-2.4062674874090635,3741808,0.39068013227049103,45856998717.44824,USD,40.90056285178237,0.8528,USD,-46.20915857196922,0,Health technology,Buy
RVMD,"Revolution Medicines, Inc.",212,USD,4.069510578763925,2440303,1.5707294353484684,45439323763.290955,USD,,-8.8145,USD,-95.67340777410264,0,Health technology,Strong buy
NTRA,"Natera, Inc.",314.18,USD,1.3712773852160165,1271463,0.7627594807493462,45287212701.94141,USD,,-1.3686,USD,28.01767211907642,0,Health technology,Strong buy
TTWO,"Take-Two Interactive Software, Inc.",241.61,USD,-2.162381048795293,1654690,0.6709485665164352,45176343123.17518,USD,,-1.7318,USD,92.76511480231275,0,Technology services,Strong buy
EBAY,eBay Inc.,100.94,USD,-2.133023075431455,6499504,1.3160664122401333,44918299733.80182,USD,20.897252758627825,4.8303,USD,6.7398846485316035,1.16346713205352,Retail trade,Neutral
VIK,Viking Holdings Ltd,99.86,USD,1.9083579957138532,2971537,1.2217857454019345,44553248066.12593,USD,37.18903619842097,2.6852,USD,117.98993343075175,0,Consumer services,Buy
ODFL,"Old Dominion Freight Line, Inc.",211.96,USD,0.4692610323742756,1359848,0.8096660159241001,43951311213.31943,USD,40.79213256095918,5.1961,USD,1.4843460088670244,0.540361188794615,Transportation,Neutral
MCHP,Microchip Technology Incorporated,80.26,USD,1.3767841354048294,8530646,0.7776059729909311,43581874604.32564,USD,119.98804006577964,0.6689,USD,,2.29885057471264,Electronic technology,Buy
LYV,"Live Nation Entertainment, Inc.",184.44,USD,-2.133078637376637,1629269,0.8115631797244917,43460311674.52339,USD,,-1.1202,USD,-148.655692133953,0,Consumer services,Buy
TRI,Thomson Reuters Corp,99.06,USD,-4.391468005018818,1148120,0.5290320214311146,43243539288.73061,USD,27.32184370647702,3.6256703999999997,USD,-2.5555621865246043,2.40648345524208,Technology services,Buy
PRU,"Prudential Financial, Inc.",124.56,USD,-0.4555262526971895,1239583,0.6109840127107711,42973199056.3184,USD,11.282608695652176,11.04,USD,144.26399982299708,4.39542875409574,Finance,Neutral
CCJ,Cameco Corporation,98.58,USD,0.8594229588704763,2518045,0.9273530906343652,42934838323.71688,USD,171.83508294380798,0.5736895999999999,USD,-36.25029364067095,0.177043375627029,Non-energy minerals,Strong buy
CBRE,CBRE Group Inc,147.96,USD,-3.2055475598586978,1008221,0.7126456053010908,42845564131.15478,USD,33.926442263597174,4.3612,USD,22.18642310817247,0,Finance,Strong buy
CMG,"Chipotle Mexican Grill, Inc.",33.76,USD,0.7761194029850687,15310016,0.7271468607480879,42720510624.87402,USD,31.14103864957107,1.0841,USD,-4.172191284363114,0,Consumer services,Buy
HLN,Haleon plc,9.58,USD,-1.2371134020618477,3896538,0.5618984318752347,42376332894.918,USD,19.699773802179724,0.4863,USD,12.387335336260698,1.88737113402062,Health technology,Buy
PAYX,"Paychex, Inc.",118.54,USD,-2.8519914768070724,2760245,1.164202319728728,42162645221.63826,USD,24.2393260265009,4.8904,USD,6.805276491657191,3.72070152434027,Technology services,Neutral
TEVA,Teva Pharmaceutical Industries Limited,36.46,USD,-0.8430785966820838,3584896,0.6664390359669456,42155322094.38104,USD,61.30822263326047,0.5947,USD,,0,Health technology,Strong buy
A,"Agilent Technologies, Inc.",148.45,USD,-0.05386117282704673,964634,0.7041153896855914,41927022009.52164,USD,29.81582277209825,4.9789,USD,22.799358737205583,0.682017100922372,Health technology,Buy
WCN,"Waste Connections, Inc.",165.01,USD,-0.7697396115220406,877712,0.739183971254331,41590692400.273476,USD,40.91847431050845,4.0326528,USD,59.043404662731426,0.816237971391417,Industrial services,Strong buy
DHI,"D.R. Horton, Inc.",148.34,USD,-0.31583898931523346,1697573,0.8329365095136394,41490889263.0029,USD,14.112297125026162,10.5114,USD,-15.746358980113653,1.17599623681204,Consumer durables,Neutral
KDP,Keurig Dr Pepper Inc.,30.28,USD,-3.6895674300254457,10382423,0.7490225841092062,41205813488.398224,USD,30.688152427282862,0.9867,USD,-12.456747404844288,2.92620865139949,Consumer non-durables,Buy
RKT,"Rocket Companies, Inc.",14.5,USD,-1.7615176151761502,18414917,0.6257128006074691,41058814746.951225,USD,96.47371922821026,0.1503,USD,,0,Finance,Buy
HMC,"Honda Motor Company, Ltd.",31.9,USD,1.013299556681445,875510,0.737103488316096,40497911320.6667,USD,,-0.8194,USD,-128.78016227038037,3.40407219759341,Consumer durables,Buy
TEAM,Atlassian Corporation,158.34,USD,-2.3918135864874834,3048933,0.4518262599309119,40181603860.937004,USD,,-0.187,USD,80.95723014256619,0,Technology services,Strong buy
ED,"Consolidated Edison, Inc.",108.99,USD,0.17463235294117438,1602451,0.7199941086730559,40166055758.54697,USD,17.89890297576036,6.0892,USD,10.407600812300547,3.19393382352941,Utilities,Neutral
NTAP,"NetApp, Inc.",204.2,USD,-1.3907668533900055,2106611,0.7822925336943659,40071037918.61696,USD,32.11802824876529,6.3578,USD,11.901577020557582,1.00444272744833,Electronic technology,Buy
COIN,"Coinbase Global, Inc.",150.55,USD,1.400956422172838,5767749,0.8115901295989106,39720660350,USD,,-3.8414,USD,-137.16237133348812,0,Finance,Buy
IQV,"IQVIA Holdings, Inc.",241.24,USD,1.9352657821347135,1521551,1.2948761896462397,39708106086.6149,USD,29.924209533969265,8.0617,USD,16.773614148934634,0,Health technology,Strong buy
UAL,"United Airlines Holdings, Inc.",122.26,USD,-2.4573161002074344,2446052,0.8168155709387739,39683610652.3027,USD,11.4268089799428,10.6994,USD,7.196601576980504,0,Transportation,Strong buy
AIG,"American International Group, Inc. New",75.81,USD,-1.0829853862212921,2223594,0.6929656288307612,39640527675.679535,USD,13.88868532903415,5.4584,USD,1.1714116251482827,2.41388308977035,Finance,Buy
YUM,"Yum! Brands, Inc.",145.14,USD,-2.0052663560867106,2954233,1.212348399151259,39608864732.849495,USD,18.253618905084704,7.9513,USD,57.04100173803127,1.97150766322328,Consumer services,Buy
ADM,Archer-Daniels-Midland Company,81.29,USD,1.0441267868241186,3468899,0.845478287514664,39178493969.2138,USD,22.25172451549327,3.6532,USD,60.792253521126774,2.56059664387819,Process industries,Neutral
CLS,"Celestica, Inc.",340.4,USD,1.5967766005073765,2164005,0.6501925950745981,39139903060.867096,USD,36.32504900253379,9.370944,USD,98.90343083087613,0,Electronic technology,Strong buy
SYY,Sysco Corporation,81.85,USD,-1.373659477045428,2175755,0.4760975404386026,39139243711.231476,USD,22.38295777729162,3.6568,USD,-2.0727331155267503,2.61477286420051,Distribution services,Buy
ADYEY,Adyen N.V.,11.98,USD,-2.204081632653058,4816220,4.758771632969627,38899180335.3075,USD,28.874427572909138,0.4149,USD,20.330626450116007,0,Commercial services,Strong buy
P,"Everpure, Inc.",116.99,USD,-0.990182802979013,3130006,0.8971098900758742,38888054871.787315,USD,177.8504104591061,0.6578,USD,77.01829924650163,0,Electronic technology,Buy
JBL,Jabil Inc.,369.89,USD,1.8700082621867151,707779,0.6697846613436859,38759696072.20674,USD,46.162966291013014,8.0127,USD,55.77091312039503,0.0881299917378133,Producer manufacturing,Buy
VEEV,Veeva Systems Inc.,238.34,USD,-2.219487179487178,1008526,0.5137255942699348,38716735725.98892,USD,42.43870301454746,5.6161,USD,19.0078616685385,0,Technology services,Buy
IRM,Iron Mountain Incorporated (Delaware),129.9,USD,0.3631306497720767,1209777,0.6642633106803414,38671594106.39805,USD,92.71286846049533,1.4011,USD,920.4661325564457,2.60913234953257,Finance,Buy
ROP,"Roper Technologies, Inc.",389.71,USD,-2.411478940251414,764270,1.024218498516882,38542658192.32619,USD,16.149966640006298,24.1307,USD,69.57863076079778,0.890218861120849,Technology services,Neutral
PCG,Pacific Gas & Electric Co.,17.5,USD,-1.9058295964125553,19225999,0.711467747937836,38541421838.84529,USD,12.765336640163396,1.3709,USD,26.79430262671107,0.980941704035875,Utilities,Buy
EXPE,"Expedia Group, Inc.",318.5,USD,-4.265231897562295,2251814,1.2565241982356317,38226016031.22577,USD,19.8646583715346,16.0335,USD,96.19323813369553,0.529021010550362,Consumer services,Buy
VOD,Vodafone Group Plc,16.2,USD,-1.3398294762484921,3899032,0.7808651750909058,38006089031.988,USD,,-0.2323,USD,87.01726932319902,3.05808769792935,Communications,Neutral
CCL,Carnival Corporation Ltd.,27.73,USD,-1.3869132290184942,13671991,0.8466895990969794,37980372615.78378,USD,12.488740767429292,2.2204,USD,20.346883468834697,1.06685633001422,Consumer services,Buy
TGOPY,3i Group,9.58,USD,-0.10427528675703635,4738789,3.4715622146813256,37706020191.378,USD,5.307479224376731,1.805,USD,8.839845634346348,2.38741651648468,Miscellaneous,Buy
PEG,Public Service Enterprise Group Incorporated,75.61,USD,-0.5654918463966423,3857990,1.3593928226973666,37685539976.52262,USD,18.800974736423314,4.0216,USD,1.5555555555555636,3.41925302472383,Utilities,Buy
MSTR,Strategy Inc,97.68,USD,4.987102321582116,20353369,1.2870190618592192,37531148211.13156,USD,,-97.2071,USD,-955.7415004313606,0,Technology services,Strong buy
HIG,"The Hartford Insurance Group, Inc.",136.71,USD,-0.9491378061150574,960721,0.6694960916833497,37030913534.860016,USD,8.835447782897841,15.4729,USD,40.27124298548596,1.680915809303,Finance,Buy
STLD,"Steel Dynamics, Inc.",258.16,USD,0.9344332798999159,762499,0.7578840168561578,37001581489.53388,USD,23.417997097242385,11.024,USD,60.82161405146758,0.805411111545529,Non-energy minerals,Buy
TKO,"TKO Group Holdings, Inc.",195.14,USD,-3.0504769475357785,1024279,0.7790506750034836,36934091813.589424,USD,67.50380517503805,2.8908,USD,33.093922651933696,1.54511128775835,Consumer services,Buy
MTB,M&T Bank Corporation,252.86,USD,-0.4840804439371836,917456,1.1205383336533281,36517094918.048325,USD,13.351003727678808,18.9394,USD,22.687551418336348,2.36136801920579,Finance,Neutral
HSY,The Hershey Company,181.06,USD,-1.7153403539246534,1064557,0.8295660039689238,36379645648.69646,USD,26.45219728845255,6.8448,USD,-9.041620156274913,3.06372815112366,Consumer non-durables,Neutral
HBAN,Huntington Bancshares Incorporated,17.95,USD,0.22333891680624873,22764847,0.9780878156300712,36266447450.99107,USD,13.83749614554425,1.2972,USD,-3.4102755026061105,3.46175321049693,Finance,Buy
ALC,Alcon Inc.,72.49,USD,-2.3703703703703773,1283072,0.5780022004295536,36223254066.80241,USD,56.51689634559518,1.28262528,USD,-45.933826736243645,0.4614370468029,Health technology,Buy
KVUE,Kenvue Inc.,18.79,USD,-2.1354166666666674,27969749,1.3447766665067216,36091336618.28698,USD,21.782981683283097,0.8626,USD,17.18516505909524,4.32291666666667,Consumer non-durables,Neutral
VMC,Vulcan Materials Company (Holding Company),278.15,USD,-1.3652482269503627,702291,0.7697514809658067,36042325237.89841,USD,32.831680830972616,8.472,USD,18.428225953003338,0.716312056737589,Non-energy minerals,Buy
WEC,"WEC Energy Group, Inc.",110.49,USD,-0.02714440825190114,2375731,0.8513622962837591,36003095271.33985,USD,21.39869078514157,5.1634,USD,-1.0217187110625514,3.33876221498371,Utilities,Buy
KMB,Kimberly-Clark Corporation,107.91,USD,-2.2465803061871585,2958409,0.771032623879837,35888604065.04855,USD,18.389883944852503,5.8679,USD,-19.11699840105862,4.60186611106079,Consumer non-durables,Buy
STRC,Strategy Inc - Variable Rate Series A Perpetual Stretch Preferred Stock,94.36,USD,-0.44313146233382744,1124819,0.8165557956333588,35748341826,USD,,-97.2071,USD,-955.7415004313606,0,Technology services,No rating
GFI,Gold Fields Limited,41.5,USD,3.1312127236580465,3169017,0.8230479084813035,35678101028.5562,USD,10.497559001340653,3.9533,USD,187.05344176590185,2.9826416500994,Non-energy minerals,Buy
BIDU,"Baidu, Inc.",104.12,USD,0.4340696440628946,3737247,1.866028507456106,35496673917.9962,USD,,-0.0232,USD,-100.23108950734108,0,Technology services,Strong buy
EC,Ecopetrol S.A.,17.67,USD,2.9120559114735,1257196,0.5844524915132784,35348228543.63298,USD,10.375807398708163,1.703,USD,18.116243584408387,3.78153756552126,Energy minerals,Neutral
MDB,"MongoDB, Inc.",438.7,USD,-4.698803032607042,1623357,0.932892593025084,35285486899.14236,USD,,-0.371,USD,67.75595341560926,0,Technology services,Buy
TWLO,Twilio Inc.,228.61,USD,-4.026028547439116,3150158,0.916706893045634,35108831927.160545,USD,31.81059193499012,7.1866,USD,5800.328407224959,0,Technology services,Buy
QSR,Restaurant Brands International Inc.,77.16,USD,-0.6182380216383359,2013200,0.7946755945698695,35070101713.00464,USD,22.80613602104454,3.3833,USD,28.374122557389498,3.2715095311695,Consumer services,Buy
NTRS,Northern Trust Corporation,191.47,USD,0.03134632464343675,975827,0.8995277932385921,35030520499.687584,USD,16.435616367803462,11.6497,USD,36.923203497802106,1.67180398098323,Finance,Neutral
RJF,"Raymond James Financial, Inc.",179.48,USD,-0.7355787843592791,793522,0.9271247568044514,34525081910.400314,USD,15.644503329730481,11.4724,USD,12.601462433135408,1.17250152093358,Finance,Buy
PUK,Prudential Public Limited Company,28.19,USD,1.1119081779053166,1205721,1.0697930899863362,34452166205.028,USD,9.182410423452769,3.07,USD,82.61852358574741,1.80057388809182,Finance,Strong buy
VG,"Venture Global, Inc.",13.75,USD,-1.7155110793423891,12395889,0.88650202969375,34381714983.02359,USD,10.449916400668794,1.3158,USD,147.3308270676692,0.50035739814153,Industrial services,Buy
KR,Kroger Company (The),56.07,USD,-1.0936673134591595,5714053,0.9632467784169787,34351135458.104256,USD,32.79330915896596,1.7098,USD,-53.52794085670798,2.46957135297231,Retail trade,Buy
RPRX,Royalty Pharma plc,59.45,USD,1.4505119453924937,2359984,0.7548192094987094,34186801495.455627,USD,31.647591163162097,1.8785,USD,-18.219416630387464,1.55290102389078,Health technology,Buy
SUNB,"Sunbelt Rentals Holdings, Inc.",83.14,USD,-1.957547169811317,2385642,1.3201775368464217,34083042262.979954,USD,,,,,0,Finance,Buy
ERIC,Ericsson,10.17,USD,-0.9737098344693248,7479912,0.7255100521764257,34065935113.939,USD,13.005115089514065,0.782,USD,56.368726254749056,2.02969814995131,Electronic technology,Neutral
JD,"JD.com, Inc.",28.5,USD,-1.927047487955949,8923458,0.8365576288874331,33833397783.239597,USD,19.22169015984353,1.4827,USD,-58.131194758986815,3.37233310392292,Retail trade,Strong buy
DXCM,"DexCom, Inc.",88.76,USD,-1.103064066852362,4048868,0.7032200888027976,33494540018.193207,USD,35.0359201073656,2.5334,USD,77.35928311397369,0,Health technology,Strong buy
ACGL,Arch Capital Group Ltd.,97.81,USD,-0.9117617262688598,1738728,1.1487087062485875,33375620502.46713,USD,7.6430184492041295,12.7973,USD,32.18712556294673,0,Finance,Buy
EQT,EQT Corporation,53.01,USD,-2.5909592061742077,8623923,1.546988777576097,33158601578.07717,USD,12.295880497309332,4.3112,USD,131.89715453714166,1.19900771775083,Energy minerals,Buy
KGC,Kinross Gold Corporation,27.72,USD,1.501281581838155,4612556,0.517468799758789,32882592302.033253,USD,10.802765507970042,2.5660095999999997,USD,101.79910384546176,0.529023489047242,Non-energy minerals,Strong buy
GEHC,GE HealthCare Technologies Inc.,72.37,USD,-1.7912878273849822,2251517,0.7479670912910612,32688534906.863216,USD,16.630664583141833,4.3516,USD,-10.913669212029383,0.189985072601438,Health technology,Buy
NTR,Nutrien Ltd.,68.29,USD,0.07327080890974703,1969938,0.6523846668484571,32588673434.013306,USD,14.189169871436855,4.8128256,USD,69.31575031266328,3.22463463569166,Process industries,Buy
ON,ON Semiconductor Corporation,83.38,USD,0.8710379869344288,6578913,0.596548925629196,32460811530.133316,USD,53.689632968448166,1.553,USD,44.896435902220546,0,Electronic technology,Buy
IR,Ingersoll Rand Inc.,82.31,USD,-1.2359011279097685,2950723,0.7180209766488658,31936233382.35769,USD,33.91569491944456,2.4269,USD,89.48313554028732,0.0959923206143509,Producer manufacturing,Buy
CNC,Centene Corporation,64.41,USD,-4.535349044019568,3555483,0.8056334839327173,31818218211.57314,USD,,-10.4394,USD,-358.10710577065714,0,Health services,Buy
TECK,Teck Resources Ltd,64.84,USD,2.0620179442782973,2389414,0.9086119472834757,31806814601.058414,USD,18.095815613351032,3.5831487999999996,USD,1046.4984693457184,0.567086310536464,Non-energy minerals,Neutral
RMD,ResMed Inc.,220.37,USD,-1.8221509400338607,1453880,0.8418150985224984,31788884563.262,USD,21.11673278522011,10.4358,USD,9.756944079258734,1.06923282544774,Health technology,Buy
CCI,Crown Castle Inc.,74.44,USD,-2.0268491708344385,2321365,0.6173963772962051,31670904675.77204,USD,16.408040909892435,4.5368,USD,,5.59357725717294,Finance,Buy
ARES,Ares Management Corporation,141.34,USD,-1.8608526593528723,1672269,0.6799476101693716,31654186943.335922,USD,64.44758560941135,2.1931,USD,25.463386727688775,3.43007915567282,Finance,Buy
RDDT,"Reddit, Inc.",164.5,USD,-7.630973103487003,37846024,5.889279926979573,31649226962.878315,USD,38.24780859820037,4.3009,USD,263.03705579471597,0,Technology services,Buy
ATI,ATI Inc.,231.78,USD,1.444327731092442,1063134,0.6238456935251101,31561573538.75315,USD,67.76202309603859,3.4205,USD,18.23775450240244,0,Non-energy minerals,Strong buy
FTI,TechnipFMC plc,79.81,USD,1.526523343086125,3900573,1.1506026118618198,31298638426.859436,USD,27.812238639531643,2.8696,USD,35.896950179958324,0.25442055718102,Industrial services,Buy
CFG,"Citizens Financial Group, Inc.",74.31,USD,-0.5620232838217606,3004694,1.0293181020305084,31297648546.953835,USD,16.153645493674187,4.6002,USD,40.27566018174057,2.46219724340961,Finance,Strong buy
EXR,Extra Space Storage Inc,146.89,USD,-0.682893847194063,731386,0.7904636740728572,31033384647.420147,USD,32.88778434533405,4.4664,USD,-2.9317801490883015,4.38133874239351,Finance,Buy
ZM,"Zoom Communications, Inc.",105.56,USD,-0.3775009437523514,2431839,0.8303789247349278,30953594396.251797,USD,15.49049820236261,6.8145,USD,104.61506125390343,0,Technology services,Buy
BIIB,Biogen Inc.,209.15,USD,-0.324071867702429,617238,0.717599616621709,30902748909.618973,USD,37.03998866574576,5.6466,USD,-45.98105806945374,0,Health technology,Buy
CBOE,"Cboe Global Markets, Inc.",295,USD,-0.3849530627405911,523802,0.6536801377340473,30807150952.995205,USD,22.978120156095432,12.8383,USD,50.504091346041115,0.972513000607821,Finance,Neutral
EL,"Estee Lauder Companies, Inc. (The)",84.34,USD,-2.0441347270615458,3049026,1.2699512682743972,30513783551.820446,USD,,-0.6967,USD,71.24638877424681,1.6260162601626,Consumer non-durables,Buy
AEE,Ameren Corporation,109.47,USD,-0.24603608529250595,959838,0.5740003561794929,30306031270.79005,USD,19.269834005175234,5.6809,USD,24.769936966023163,2.66083470020047,Utilities,Buy
ZTS,Zoetis Inc.,72.97,USD,-1.1112616885756976,6554014,0.7601755261722167,30152926633.910282,USD,12.004013950121735,6.0788,USD,4.590502408809359,2.83236210868681,Health technology,Buy
ALNY,"Alnylam Pharmaceuticals, Inc.",224.6,USD,-1.7712661272687564,1539238,0.7438498109976098,30053529303.83643,USD,37.920613213121946,5.9229,USD,,0,Health technology,Buy
ZS,"Zscaler, Inc.",184.44,USD,0.45751633986928286,2619213,1.1307464413416324,29825707385.81765,USD,,-0.4868,USD,-91.57811885084614,0,Technology services,Strong buy
TSEM,Tower Semiconductor Ltd.,263.73,USD,-0.6591833659786047,1220713,0.47783229365043695,29755323591.631123,USD,104.02319252159509,2.5353,USD,45.74040009197516,0,Electronic technology,Strong buy
Q,"Qnity Electronics, Inc.",140.76,USD,-1.0822206605762617,1361215,0.7956944356599988,29448194985.6059,USD,50.40464083649645,2.7926,USD,-26.24461875709796,0.0421644413211525,Electronic technology,Strong buy
LVS,Las Vegas Sands Corp.,45.43,USD,-1.7304780445598036,4274530,0.900247050740175,29425063946.63574,USD,17.699770132855416,2.5667,USD,29.605130276711776,2.37940731126974,Consumer services,Buy
DTE,DTE Energy Company,141.15,USD,0.22010792388526146,1300235,0.9158584561318638,29371628689.448666,USD,22.301396701004865,6.3292,USD,-8.93892525717574,3.25546719681909,Utilities,Buy
KHC,The Kraft Heinz Company,24.75,USD,-2.9792238337906762,11670440,0.7327529119363034,29349137592.747944,USD,,-2.8641,USD,36.07490402642621,6.27205017640141,Consumer non-durables,Neutral
CPRT,"Copart, Inc.",31.7,USD,0.28472002530844626,19659248,2.0463697858993717,29348225859.71844,USD,19.749548314746743,1.6051,USD,6.087243886318578,0,Retail trade,Buy
GFS,GlobalFoundries Inc.,53.44,USD,-2.088677171124955,4197887,0.8330154209830565,29322572038.554783,USD,41.71089603496722,1.2812,USD,,0.219860754855258,Electronic technology,Buy
RYAAY,Ryanair Holdings plc,57.34,USD,-2.4995749022275104,835565,1.1301877737668589,29307630133.4805,USD,13.881760519052921,4.1306,USD,-1.6313019456550055,1.19939636116307,Transportation,Strong buy
ILMN,"Illumina, Inc.",193.135,USD,1.1760699879511787,995956,0.4992050460030756,29163384906.918015,USD,35.99303006019493,5.3659,USD,-32.04022442595337,0,Health technology,Buy
HAL,Halliburton Company,34.73,USD,0.9006391632771504,7173049,0.7114679528824367,28934616249.30389,USD,18.19181813419936,1.9091,USD,-10.677022411453711,1.97559558396281,Industrial services,Buy
TCOM,Trip.com Group Limited,44.85,USD,-0.28901734104045235,2101006,0.905836319940302,28898726266.464603,USD,7.060101375814628,6.3526,USD,85.68338594645154,0,Consumer services,Strong buy
TS,Tenaris S.A.,53.44,USD,-0.26129152668906414,1380384,0.7298724654165774,28787274429.804005,USD,14.272360654862057,3.7443,USD,1.4522990218657672,3.32213512504666,Non-energy minerals,Neutral
ATO,Atmos Energy Corporation,169.9,USD,-0.011770244821081575,1548066,1.3877404810036917,28711152747.223404,USD,20.226431267038894,8.3999,USD,15.998287623940136,2.27754237288136,Utilities,Neutral
NVT,nVent Electric plc,177.21,USD,3.3957640469105677,1742967,0.9577795842036901,28682845564.356907,USD,48.95439100527639,3.6199,USD,3.016591251885366,0.48427562868312,Electronic technology,Strong buy
VICI,VICI Properties Inc.,25.96,USD,-1.517450682852802,6816658,0.5940493901075975,28583972941.945377,USD,10.06747847669278,2.5786,USD,-1.3542463657230337,6.82852807283763,Finance,Buy
NMR,Nomura Holdings Inc,9.81,USD,-0.1018329938900182,568339,0.8734661408709072,28348388978.08858,USD,11.391082210868557,0.8612,USD,4.743371442471409,2.95683299389002,Finance,Buy
WSM,"Williams-Sonoma, Inc.",240.42,USD,-0.4801721996854147,1237277,1.3384732034803761,28308640803.408806,USD,26.91037709450308,8.9341,USD,1.1331220285261625,1.17559400612634,Retail trade,Buy
PBA,Pembina Pipeline Corp.,48.66,USD,-1.3581998783701636,645328,0.7436211013296216,28298467458.706913,USD,24.350649350649352,1.9983039999999996,USD,-8.23866834429355,4.18798421283438,Industrial services,Buy
CPNG,"Coupang, Inc.",15.72,USD,-2.481389578163774,14918127,0.7161132873703692,28256885870.47146,USD,,-0.4259,USD,-314.45115810674724,0,Retail trade,Buy
INSM,Insmed Incorporated,128.32,USD,3.701309196702763,1899670,0.4519052208211678,28022713627.862293,USD,,-4.105,USD,28.022864356852285,0,Health technology,Strong buy
DOV,Dover Corporation,206.47,USD,-0.2897570869754162,721128,0.7718556665610236,27807426328.20824,USD,24.853445681613003,8.3075,USD,-49.914086757302634,1.00449123484812,Producer manufacturing,Buy
FISV,"Fiserv, Inc.",52.21,USD,-4.008089722375436,5039619,0.4543309218527707,27763540329.48226,USD,10.014769915408666,5.2133,USD,-12.858957643833776,0,Commercial services,Neutral
ASTS,"AST SpaceMobile, Inc.",71.14,USD,0.2254156100309898,9968852,0.7702576282289757,27611182320.122852,USD,,-2.1399,USD,-12.655962095288231,0,Communications,Neutral
FE,FirstEnergy Corp.,47.42,USD,0.021092596498639773,2992955,0.7193310471577019,27439106512.517612,USD,25.305512567372862,1.8739,USD,-17.27806471549022,3.79666736975322,Utilities,Buy
EIX,Edison International,71.3,USD,-0.15404005041310662,6692107,1.8324738250277803,27437237100.695984,USD,7.3449121288913615,9.7074,USD,42.63841542259315,4.84525976753956,Utilities,Neutral
XYL,Xylem Inc.,117.47,USD,-1.8465909090909158,1262165,0.8730471754598185,27427696393.421875,USD,27.90327561224732,4.2099,USD,9.421947289078346,1.3870320855615,Producer manufacturing,Buy
FOXA,Fox Corporation,69.19,USD,0.21726535341829584,6651444,1.1674307202182344,27351445630.514774,USD,18.04407354283479,3.8345,USD,-21.89155055813575,0.811123986095017,Consumer services,Buy
FOX,Fox Corporation,61.49,USD,0.13027194268035402,658995,0.6067362598743854,27327703259.021984,USD,16.035989046811842,3.8345,USD,-21.89155055813575,0.911903598762417,Consumer services,Buy
RBLX,Roblox Corporation,37.93,USD,-0.7847240387130453,10833255,0.6561428665524465,27096278850.38033,USD,,-1.4159,USD,0.7500350483667568,0,Technology services,Buy
ES,Eversource Energy (D/B/A),71.91,USD,-0.6218905472636855,2291199,1.062948898588776,27086681044.924126,USD,18.624226256766207,3.8611,USD,66.18317982267368,4.25649530127142,Utilities,Neutral
PPL,PPL Corporation,35.95,USD,-0.19433647973348217,6383945,0.7861541350721478,27046997325.133263,USD,21.35305298170587,1.6836,USD,26.567433468651323,3.09550249861188,Utilities,Buy
RF,Regions Financial Corporation,31.7,USD,-0.6269592476489007,8445357,1.1105436992110462,27006164966.159874,USD,12.893516635483607,2.4586,USD,14.59867623753147,3.32288401253919,Finance,Neutral
HPQ,HP Inc.,29.4,USD,-2.3580205911657286,9148959,0.644239873641384,26886968074.234474,USD,10.850310008857395,2.7096,USD,4.43228243274494,3.95018266356692,Technology services,Neutral
ECHO,EchoStar Corporation,92.51,USD,0.6747197736424034,3199601,0.6951357049121611,26873294124.43073,USD,,-24.9424,USD,-2120.0623052959504,0,Communications,Buy
OTIS,Otis Worldwide Corporation,70.56,USD,-2.85006195786864,3839832,1.282538746890125,26860027758.770756,USD,18.113672536838322,3.8954,USD,2.9847984137475154,2.3406305934187,Industrial services,Buy
CNP,"CenterPoint Energy, Inc (Holding Co)",40.63,USD,-0.48983590497182405,4149307,0.6427873871177526,26763808488.710754,USD,23.947895791583168,1.6966,USD,18.23820475294446,2.20426157237326,Utilities,Buy
AWK,"American Water Works Company, Inc.",134.35,USD,-1.3582966226137991,2105972,0.9134612757103081,26699239026.244125,USD,23.25843085658888,5.7764,USD,3.9987037070377944,2.47980910425844,Utilities,Neutral
JBHT,"J.B. Hunt Transport Services, Inc.",283.37,USD,1.3084980873047174,1110689,1.4019238114327535,26612675700.455723,USD,40.17381195417943,7.0536,USD,28.1843458665746,0.636373386721962,Transportation,Buy
PHG,Koninklijke Philips N.V. NY Registry Shares,26.82,USD,-1.7222425796995195,866223,0.9865476827450765,26596155732.759003,USD,19.979141835518472,1.3424,USD,,3.08353242946134,Health services,Buy
DG,Dollar General Corporation,120.08,USD,-2.595717066839717,1897663,1.020876104905955,26488043396.9085,USD,16.977477413790666,7.0729,USD,34.89405527053574,1.91434133679429,Retail trade,Neutral
SYF,Synchrony Financial,80.75,USD,-0.30864197530864196,3789292,1.4823588634356262,26273696105.598766,USD,8.281286855572306,9.7509,USD,18.484270386526852,1.48148148148148,Finance,Buy
ROIV,Roivant Sciences Ltd.,36.24,USD,0.11049723756905842,7729921,1.2458173230203318,26176986000.530388,USD,,-0.4386,USD,37.23526044647968,0,Health technology,Strong buy
WRB,W.R. Berkley Corporation,69.75,USD,-1.0778612962700398,1246152,0.7313993954893769,25893121633.768257,USD,14.344473007712082,4.8625,USD,10.669822700685069,0.524748262657779,Finance,Neutral
SN,"SharkNinja, Inc.",183.62,USD,-0.7995678011885412,1692627,0.7448831686153857,25866835141.884933,USD,37.517878304932374,4.8942,USD,33.76882499248366,0,Consumer durables,Strong buy
MRNA,"Moderna, Inc.",64.46,USD,1.800379027163603,3979550,0.6742202557311814,25734744079.010418,USD,,-7.9848,USD,-6.204860141255336,0,Health technology,Neutral
TPR,"Tapestry, Inc.",129.02,USD,0.031012560086851035,4615439,1.372146348276543,25725513424.85006,USD,17.721310349563904,7.2805,USD,1049.7946936197093,1.24050240347341,Retail trade,Buy
NRG,"NRG Energy, Inc.",122.37,USD,-3.0655893536121597,1956844,0.5057214395535362,25723455970.182278,USD,32.36616589081676,3.7808,USD,59.993229232787435,1.44961977186312,Utilities,Buy
SYM,Symbotic Inc.,42.35,USD,-0.8196721311475443,1789724,0.893976426951462,25613352857.86885,USD,469.5121951219512,0.0902,USD,,0,Producer manufacturing,Buy
DRI,"Darden Restaurants, Inc.",225.5,USD,0.10654354967593407,1242563,1.1931408394618934,25603665280.69786,USD,21.70585913811857,10.3889,USD,17.071219292314616,2.71686051673622,Consumer services,Buy
CTSH,Cognizant Technology Solutions Corporation,56.28,USD,-0.5829358770535211,303,0.00003061235252675975,25351000751.571358,USD,12.078030774513381,4.6597,USD,-5.379117085651624,2.17724102738561,Technology services,Buy
FWONK,Liberty Media Corporation - Series C Liberty Formula One,101.98,USD,-1.847930702598654,1395344,0.5797698328588703,25348825553.610203,USD,63.04791344667697,1.6175,USD,52.752856738124464,0,Technology services,Strong buy
AMRZ,Amrize Ltd,45.73,USD,-2.056114799742988,4180352,0.9627478360264359,25313228938.37374,USD,20.997290968364016,2.1779,USD,1.5243333954876082,0,Non-energy minerals,Buy
PPG,"PPG Industries, Inc.",113.44,USD,-0.5871527473490507,1368064,0.9686099391298197,25217712481.15818,USD,16.288787099923898,6.9643,USD,23.48268586322452,2.48882657085269,Process industries,Buy
INCY,Incyte Corporation,123.5,USD,2.7796271637816274,2040676,1.4244262057298527,25033173370.689083,USD,15.739702283849919,7.8464,USD,78.375920705647,0,Health technology,Buy
MTSI,"MACOM Technology Solutions Holdings, Inc.",327.53,USD,3.504613828845903,1122423,0.7460140179169966,25013769553.79177,USD,105.34221021484626,3.1092,USD,,0,Electronic technology,Buy
SW,Smurfit WestRock plc,47.81,USD,-2.9238578680203,3986203,0.9328940046030545,24999330747.366096,USD,50.84006805614632,0.9404,USD,42.24776887006504,3.58619289340102,Process industries,Strong buy
AFRM,"Affirm Holdings, Inc.",74.52,USD,-4.888321633694956,2889725,1.0554841564786925,24956641889.607143,USD,67.72082878953107,1.1004,USD,,0,Finance,Buy
ENTG,"Entegris, Inc.",163.09,USD,0.8222057368941721,1594998,0.6654332564183308,24920151651.155167,USD,81.67977162317825,1.9967,USD,2.647542669134273,0.247279920870425,Producer manufacturing,Buy
OKTA,"Okta, Inc.",143.24,USD,-2.842026724547241,3149085,1.2969544345130646,24896164909.700603,USD,104.03834979662987,1.3768,USD,113.75562800807329,0,Technology services,Buy
DLTR,"Dollar Tree, Inc.",129.54,USD,0.1159285879898027,1868725,1.0171932037575606,24894296409.52423,USD,20.2431553944243,6.3992,USD,,0,Retail trade,Neutral
SMCI,"Super Micro Computer, Inc.",38.28,USD,-3.9156626506024153,55467029,0.8188138799454231,24762297993.207832,USD,11.949803333957671,3.2034,USD,93.02241503976862,0,Electronic technology,Neutral
XPO,"XPO, Inc.",210.99,USD,-0.03316592438168918,620866,0.7488308601304214,24704074348.085808,USD,62.04128440366973,3.4008,USD,17.642175176421745,0,Transportation,Buy
TW,Tradeweb Markets Inc.,105.17,USD,-1.0537209521121502,829931,0.6577311350395453,24612752356.117226,USD,25.106829955358208,4.1889,USD,61.45307380998266,0.489227584909211,Finance,Buy
KEY,KeyCorp,23.04,USD,-1.1583011583011564,8450358,1.043637243555384,24586640998.795364,USD,13.400802652242191,1.7193,USD,,3.51780351780352,Finance,Buy
EXPD,"Expeditors International of Washington, Inc.",188.27,USD,1.1551687083602007,717056,0.5594406903817186,24473335475.5374,USD,27.393891774702812,6.8727,USD,12.143265073019503,0.848914678701913,Transportation,Neutral
MTZ,"MasTec, Inc.",302.48,USD,1.643200376356747,1789024,1.1009501090442915,24290640039.51047,USD,48.18401937046006,6.2776,USD,86.28445947950976,0,Industrial services,Strong buy
PFG,Principal Financial Group Inc,112.97,USD,-0.8861203719950913,1016384,0.9534439248137032,24187402432.410072,USD,16.0334378858627,7.0459,USD,41.87994603411126,2.79873662045973,Finance,Neutral
PHM,"PulteGroup, Inc.",128.49,USD,-1.2982024888615746,1291189,0.9890067046524461,24085776173.490013,USD,13.12515322382937,9.7896,USD,-26.81384239288892,0.76816715317253,Consumer durables,Buy
GPN,Global Payments Inc.,90.38,USD,-2.8694250403009156,2741109,0.7702680488039964,23916209759.413006,USD,28.357178714859437,3.1872,USD,-44.26120564523181,1.07469102632993,Finance,Buy
SOFI,"SoFi Technologies, Inc.",18.31,USD,0.10934937124111303,70070077,1.3752965628387401,23648655840.98469,USD,38.60425890786422,0.4743,USD,-4.336425978217027,0,Finance,Neutral
VLTO,Veralto Corp,96.75,USD,-0.9520884520884589,862500,0.6689834306183904,23587006707.585995,USD,24.386247920552503,3.9674,USD,11.103643339214205,0.511875511875512,Producer manufacturing,Buy
TROW,"T. Rowe Price Group, Inc.",110.46,USD,-0.09044862518090496,1693340,0.9623653179302445,23562867351.303364,USD,11.079348840008423,9.9699,USD,11.482723918148286,4.64905933429812,Finance,Sell
ROKU,"Roku, Inc.",158.31,USD,0.3995433789954309,2745420,0.9739902782613971,23496205625.06849,USD,67.63361387619088,2.3407,USD,,0,Technology services,Neutral
USFD,US Foods Holding Corp.,108.61,USD,-0.28461255967682914,1821039,0.6796957939376689,23495678995.23843,USD,33.399963097361464,3.2518,USD,39.00739537468472,0,Distribution services,Buy
OMC,Omnicom Group Inc.,85.46,USD,-2.4095009706520494,1818239,0.7371197551884099,23445607179.888775,USD,73.25561460654893,1.1666,USD,-83.26303405928094,3.54002512275894,Commercial services,Buy
FSLR,"First Solar, Inc.",217.85,USD,-3.418159248093637,1902052,0.56999527414315,23412292974.595673,USD,13.42979027704144,16.2214,USD,38.72032564821782,0,Electronic technology,Buy
FTAI,FTAI Aviation Ltd.,227.43,USD,4.743701929719528,1267177,0.9153649159224366,23358674523.30894,USD,49.54038511806222,4.5908,USD,13.859126984126977,0.690830378114494,Electronic technology,Strong buy
CHD,"Church & Dwight Company, Inc.",97.98,USD,-3.27739387956564,2140501,1.2112374489432955,23241239135.652912,USD,31.526110878728403,3.1079,USD,46.592141880099994,1.18953603158934,Consumer non-durables,Buy
AER,AerCap Holdings N.V.,150.45,USD,-1.3119055428009185,1261594,1.305028344882896,23234003411.245323,USD,7.399410801320041,20.3327,USD,26.695329781599515,0.878976713676615,Finance,Strong buy
BRO,"Brown & Brown, Inc.",68.86,USD,-2.3816274454210475,1689780,0.8486736843204903,23041269108.068615,USD,21.77460156842904,3.1624,USD,-8.806736259299848,0.914374822795577,Finance,Neutral
VRSK,"Verisk Analytics, Inc.",175.62,USD,-3.330214124511468,1005027,0.7185981063839828,22858000198.178898,USD,26.98524892440074,6.508,USD,0.3778823166499536,1.04585236968129,Technology services,Buy
IOT,Samsara Inc.,39,USD,-1.985423473234479,5652156,1.1750429511873561,22796025419.879368,USD,401.64778578784757,0.0971,USD,,0,Technology services,Buy
DOW,Dow Inc.,31.34,USD,0.8690054715159304,6019999,0.7260113158409761,22638157260.610237,USD,,-1.8228,USD,-30.144223904041116,4.50595429674927,Process industries,Buy
CMS,CMS Energy Corporation,71.4,USD,0.4078188721698865,4381475,1.136283506777374,22389406411.978622,USD,21.455616323096343,3.3278,USD,-1.7942513132267004,3.12895513992406,Utilities,Buy
BG,Bunge Limited,114.91,USD,1.0730934998680612,881881,0.6940459350414414,22076409169.980824,USD,22.282766778490952,5.1569,USD,-48.493323079074315,2.48042923739995,Process industries,Strong buy
EXE,Expand Energy Corporation,94.175,USD,-0.6383203207427769,2855163,1.1391937027850119,21801868594.374863,USD,8.128835679697547,11.5853,USD,2897.490297542044,2.42667229373285,Energy minerals,Strong buy
AXIAY,AXIA Energia,9.72,USD,1.9937040923399925,698185,0.13294551963306858,21789035941.120796,USD,11.78039025572658,0.8251,USD,59.934095754991255,8.4689937966565,Utilities,Strong buy
BCE,"BCE, Inc.",23.35,USD,-0.5112910097997335,2490137,0.577549041768971,21774477642.92447,USD,4.932867372075856,4.7335552,USD,1313.2884286959738,5.37304267731041,Communications,Buy
GH,"Guardant Health, Inc.",161.67,USD,2.8369696584186626,4858563,2.4637630964158888,21695495244.35074,USD,,-3.4997,USD,-4.599796760117153,0,Health technology,Strong buy
MKSI,MKS Inc.,320.74,USD,3.221446271682808,1172564,0.7385459042164859,21687654943.562515,USD,51.142469903531854,6.2715,USD,59.397636294319476,0.302513436102082,Producer manufacturing,Buy
RIVN,"Rivian Automotive, Inc.",14.87,USD,-3.1901041666666687,43729396,2.5312960469761316,21529686939.997395,USD,,-2.581,USD,20.201582982933463,0,Consumer durables,Buy
BSBR,Banco Santander Brasil SA,5.71,USD,-1.0398613518197506,3453952,0.619391417059575,21478050414.6912,USD,16.370412844036696,0.3488,USD,27.113702623906715,5.09409012131716,Finance,Buy
IP,International Paper Company,40.26,USD,-1.1782032400589197,2823462,0.7251677989213487,21320484458.606773,USD,,-6.482,USD,-6527.811860940696,4.54099165439372,Process industries,Buy
THC,Tenet Healthcare Corporation,264.56,USD,-1.2467338559163774,645479,0.7948113323712376,21302105411.50937,USD,10.202421031117076,25.9311,USD,66.00366178428763,0,Health services,Strong buy
FIS,"Fidelity National Information Services, Inc.",41.17,USD,-4.0773532152842495,4166938,0.589784480740469,21231612340.40727,USD,6.321591990909929,6.5126,USD,2338.2628229127663,3.91425908667288,Technology services,Buy
LUV,Southwest Airlines Company,43.35,USD,-2.056032535020327,3742616,0.814764427936848,21207174272.14528,USD,26.29822858529483,1.6484,USD,147.8796992481203,1.62675101671939,Transportation,Buy
AMCR,Amcor plc,45.53,USD,-1.0862480990658265,3280928,0.8618852099747907,21050597915.824024,USD,19.096552302659173,2.3842,USD,32.20583342575136,5.62133391266565,Process industries,Buy
LYB,LyondellBasell Industries NV,64.73,USD,1.521329987452958,7705515,1.7681681476332052,20910244875.09787,USD,,-1.1214,USD,-247.10743801652893,6.46173149309912,Process industries,Buy
IFF,"International Flavors & Fragrances, Inc.",81.83,USD,-2.7916369684010554,1175717,0.6525152581579877,20878921578.888687,USD,75.9231768417146,1.0778,USD,,1.90068899976241,Consumer non-durables,Buy
LEN,Lennar Corporation,86.54,USD,-0.33398594955659566,3012311,1.572885481113329,20802542625.563976,USD,13.536892490106213,6.3929,USD,-47.147333349868134,2.30335137625245,Consumer durables,Sell
RBRK,"Rubrik, Inc.",101.02,USD,-1.183605595226458,3283341,0.9223861615429639,20792771896.567345,USD,,-1.4525,USD,48.86643666830951,0,Technology services,Strong buy
YPF,YPF Sociedad Anonima,52.7,USD,5.294705294705306,1925981,1.66082197011474,20772004345.33795,USD,,-0.0961,USD,-130.82103912764595,0,Energy minerals,Strong buy
EFX,"Equifax, Inc.",176.8,USD,-2.2394249377937423,922747,0.86136050689142,20771331273.165607,USD,31.06768819849582,5.6908,USD,11.283194493331768,1.17224218965994,Commercial services,Buy
NI,NiSource Inc,42.37,USD,-0.3058823529411825,5494861,0.7478060319818941,20318960975.416233,USD,22.439360237263,1.8882,USD,0.32410605175070367,2.77647058823529,Utilities,Buy
GIS,"General Mills, Inc.",37.98,USD,-3.112244897959199,9479798,1.1812604389729597,20305229436.04133,USD,,-0.1894,USD,-104.6300144229594,6.22448979591837,Consumer non-durables,Neutral
TSN,"Tyson Foods, Inc.",58.61,USD,0.7564036444902831,3287361,1.046769305662174,20208763437.03472,USD,35.40534009906971,1.6554,USD,-26.43647513664845,3.48977135980746,Consumer non-durables,Neutral
WES,"Western Midstream Partners, LP",48.59,USD,-0.674570727718721,656463,0.6782987247161911,20076152628.054375,USD,15.302973041068281,3.1752,USD,-2.286505616248655,7.52248569092396,Industrial services,Neutral
U,Unity Software Inc.,45.45,USD,-1.7297297297297236,9970751,0.6045306309636063,20002041787.427025,USD,,-1.3615,USD,-27.864387678437264,0,Technology services,Strong buy
PAAS,Pan American Silver Corp.,48.11,USD,1.4550822437789914,4567514,0.9762654825238541,19947272439.756763,USD,14.885225045048614,3.232064,USD,117.89350968964783,1.30355970829535,Non-energy minerals,Strong buy
TOST,"Toast, Inc.",34.32,USD,-1.2374100719424452,8741227,0.7978088526645677,19939920000,USD,43.848217707934076,0.7827,USD,128.25896762904637,0,Technology services,Buy
TPG,TPG Inc.,51.77,USD,-2.3760135772204376,2594002,0.6102892236981193,19906845374.702812,USD,78.11981288667573,0.6627,USD,,4.22402413728078,Finance,Strong buy
SQM,Sociedad Quimica y Minera S.A.,75.1,USD,1.0495156081808412,811858,1.0021949686691398,19906258022.396755,USD,26.399971877526628,2.8447,USD,35.236510577608755,0.890312163616792,Process industries,Buy
CDE,"Coeur Mining, Inc.",19.31,USD,2.658160552897395,28666197,0.6668450599477632,19849425417.699623,USD,15.859067017082785,1.2176,USD,212.20512820512818,0.106326422115896,Non-energy minerals,Strong buy
RCI,"Rogers Communication, Inc.",36.09,USD,-0.9604829857299515,1467585,1.3587913336817687,19530040235.47153,USD,4.504881898947648,8.0113088,USD,285.15341998222095,3.95413206801107,Communications,Buy
APG,APi Group Corporation,44.72,USD,1.7519908987485688,2851850,1.1976420329287412,19505089349.631855,USD,,-0.6686,USD,-299.9401913875598,0,Industrial services,Strong buy
DD,"DuPont de Nemours, Inc.",143.07,USD,-2.1810474497470245,1567724,0.9782773583833068,19320596813.857243,USD,339.833729216152,0.421,USD,,2.07165322029263,Process industries,Buy
SBAC,SBA Communications Corporation,182.11,USD,-1.6684665226781723,875630,0.7386047175452508,19319705735.69957,USD,19.61082035708902,9.2862,USD,14.116129032258062,2.54859611231102,Finance,Buy
CHTR,"Charter Communications, Inc.",144.1,USD,-6.592338108511061,2044552,1.0723379919189364,19277870547.303425,USD,3.7437323010573897,38.491,USD,4.731715280801037,0,Consumer services,Neutral
STLA,Stellantis N.V.,5.12,USD,-4.4776119402985115,24878984,1.3436305506258117,19271262388.64069,USD,,-9.090824850999999,USD,-239.01536807298166,0,Consumer durables,Neutral
EVRG,"Evergy, Inc.",83.235,USD,-0.8280710115572588,23,0.000012098890863112255,19186751857.01285,USD,21.086565500468677,3.9473,USD,8.627332269249818,3.27561585148161,Utilities,Buy
BR,"Broadridge Financial Solutions, Inc.",167.84,USD,-1.8536927665048755,1457577,0.9558971376541143,19137417823.557457,USD,17.439371584131667,9.6242,USD,35.666760642796724,2.28056838781358,Technology services,Buy
IONQ,"IonQ, Inc.",46.84,USD,1.2537829658452344,13863053,0.6081392843587445,18976667542.860355,USD,,-4.5466,USD,-125.36928720134827,0,Electronic technology,Buy
CRCL,"Circle Internet Group, Inc.",74.59,USD,4.175977653631298,9772323,0.7913197810021203,18936600864.108383,USD,44.890467019740015,1.6616,USD,,0,Technology services,Buy
MGA,"Magna International, Inc.",71.29,USD,1.4948747152619755,1154986,0.978437765817443,18924239831.8113,USD,26.6281533948972,2.6772416,USD,-38.186016586009615,2.77388273882739,Producer manufacturing,Buy
LSCC,Lattice Semiconductor Corporation,132.67,USD,1.6940058255403796,1399389,0.6408127478137485,18843155322.73585,USD,512.4372344534569,0.2589,USD,13.056768558951969,0,Electronic technology,Strong buy
AS,"Amer Sports, Inc.",32.57,USD,-0.9126863401277675,9637445,1.9073953529151797,18834311573.770916,USD,40.344357735662086,0.8073,USD,116.8412570507655,0,Consumer durables,Strong buy
ZBH,"Zimmer Biomet Holdings, Inc.",98.2,USD,-2.434177844013912,1750543,0.5840830160271713,18730441064.824642,USD,23.89759563905383,4.1092,USD,0.06331271611552519,0.953800298062593,Health technology,Buy
SSNC,"SS&C Technologies Holdings, Inc.",79.8,USD,-2.0858895705521507,1163860,0.6358534570468386,18725468903.06503,USD,22.91391489117326,3.4826,USD,9.698554194097083,1.32515337423313,Technology services,Buy
GMAB,Genmab A/S,32.84,USD,2.8177833437695745,3432021,1.198682128314155,18688666898.0592,USD,26.007761146749033,1.2627,USD,-36.97529323683554,0,Health technology,Strong buy
VTRS,Viatris Inc.,16.23,USD,0,7888445,0.6209839451957793,18641628487.999996,USD,,-0.3572,USD,87.72002200220021,2.95748613678373,Health technology,Buy
PR,Permian Resources Corporation,22.18,USD,3.1627906976744176,5830326,0.6589810563712079,18577014411.649303,USD,14.721890349130494,1.5066,USD,-2.149769435604347,2.88372093023256,Energy minerals,Strong buy
BEKE,KE Holdings Inc,16.85,USD,-0.9406231628453857,2040477,0.8516480420555681,18518590524.179203,USD,40.54379210779596,0.4156,USD,-21.584905660377355,1.32863021751911,Finance,Strong buy
FTV,Fortive Corporation,60.64,USD,-1.5903927296332312,1609878,0.7285876746570569,18314314159.99221,USD,35.80115716141221,1.6938,USD,-23.54428094249345,0.389483933787731,Electronic technology,Neutral
VIV,Telefonica Brasil S.A.,11.4,USD,-0.08764241893076062,1380805,0.706331945245354,18299840966.8008,USD,14.645426515930113,0.7784,USD,24.12693350342848,3.44510078878177,Communications,Neutral
GPC,Genuine Parts Company,132.52,USD,-1.8588461823298457,1119769,1.0158384650562486,18269176784.09361,USD,530.9294871794873,0.2496,USD,-95.70055465600991,3.09931126416352,Distribution services,Buy
LNT,Alliant Energy Corporation,70.35,USD,-0.3541076487252125,2058179,0.6961619747524891,18240678143.781162,USD,22.292287217187397,3.1558,USD,-2.475354615408382,2.99220963172805,Utilities,Buy
OWL,Blue Owl Capital Inc.,11.66,USD,-4.582651391162034,16790018,0.6821848479317951,18179016117.811783,USD,147.40834386852086,0.0791,USD,42.266187050359726,7.40589198036007,Finance,Buy
TSCO,Tractor Supply Company,34.68,USD,-3.209600893106332,10151686,0.7230495732764464,18069671595.25202,USD,18.107769423558896,1.9152,USD,-5.799026117751223,2.62349986045214,Retail trade,Buy
BBY,"Best Buy Co., Inc.",85.44,USD,-1.1339967600092618,2380556,0.7071265630827605,18007942382.418884,USD,15.80700066602531,5.4052,USD,32.098343027518446,4.42027308493404,Retail trade,Neutral
LDOS,"Leidos Holdings, Inc.",142.25,USD,-1.0985190850309479,1096506,0.5581019933064775,17851267155.061527,USD,13.25722273998136,10.73,USD,1.4695591322603239,1.17499826183689,Technology services,Buy
CF,"CF Industries Holdings, Inc.",117.78,USD,-0.43956043956043617,2030283,0.8307188091689551,17824604175.824177,USD,8.735898177610645,13.4823,USD,76.22078736864118,1.69061707523246,Process industries,Neutral
NTNX,"Nutanix, Inc.",65.66,USD,-1.4188124014713719,2230297,0.9314310003439572,17749244635.781395,USD,68.79715004191114,0.9544,USD,136242.85714285713,0,Technology services,Buy
AKAM,"Akamai Technologies, Inc.",122.97,USD,-1.6161292903432243,2492152,0.5980743181528675,17672831693.147934,USD,44.35987157750442,2.7721,USD,-1.7160078000354546,0,Technology services,Buy
JHX,James Hardie Industries plc.,30.43,USD,-1.9652061855670084,5657837,0.7492579775098535,17665300865.142395,USD,122.50402576489532,0.2484,USD,-67.61408083441981,0,Non-energy minerals,Buy
NLY,Annaly Capital Management Inc.,23.37,USD,0.17145306472354352,4104397,0.5830888096731328,17614305856.562366,USD,5.856996065261523,3.9901,USD,297.10390127388536,12.2160308615516,Finance,Buy
OVV,Ovintiv Inc. (DE),63.85,USD,1.3170422088225933,5379637,1.6836733847576903,17590905056.55506,USD,17.851650963178347,3.5767,USD,58.28207284152764,1.90415741034592,Energy minerals,Buy
DKS,Dick's Sporting Goods Inc,196.24,USD,-2.837055008169525,1647012,1.1120083331825459,17564050704.046738,USD,18.656829936111958,10.5184,USD,-24.83420992453694,2.43848096251919,Retail trade,Buy
INVH,Invitation Homes Inc.,29.69,USD,-1.9808517662594844,3069929,0.8073451382195009,17535604228.29746,USD,53.036798856734556,0.5598,USD,24.788230049041456,3.92868933641466,Finance,Buy
BEN,"Franklin Templeton, Inc.",34.19,USD,0.9746012994683942,3140365,0.7985360213203663,17371149671.444183,USD,23.309244614125987,1.4668,USD,181.2655800575264,3.86887182516243,Finance,Neutral
WY,Weyerhaeuser Company,24.08,USD,-1.9543973941368098,4884837,0.8800317924570418,17355323055.50163,USD,36.825202630371614,0.6539,USD,70.19781363872984,3.42019543973941,Finance,Buy
ROL,"Rollins, Inc.",36.02,USD,-0.49723756906077266,3946841,0.7488582771592686,17330858259.246407,USD,32.69789397240378,1.1016,USD,9.06930693069306,1.96823204419889,Commercial services,Buy
CG,The Carlyle Group Inc.,48.54,USD,-1.5016233766233806,2812458,0.5191300288138542,17296394883.242287,USD,50.284885527815185,0.9653,USD,-71.83825889080141,2.84090909090909,Finance,Buy
ONTO,Onto Innovation Inc.,351.16,USD,5.863555515359816,1239872,0.9901120714947492,17232911589.47997,USD,131.42215568862275,2.672,USD,-33.86629705714922,0,Electronic technology,Strong buy
ZTO,ZTO Express (Cayman) Inc.,22.91,USD,0.04366812227074919,1875920,1.0387597388570686,16941208710.9356,USD,14.319644977811112,1.5999,USD,1.8979682822750175,2.92576419213974,Transportation,Buy
CHRW,"C.H. Robinson Worldwide, Inc.",144.78,USD,-2.5509860671737177,1840818,1.1164093405092215,16917725869.896076,USD,27.628716461203773,5.2402,USD,19.290657439446353,1.68943932153194,Transportation,Buy
CDW,CDW Corporation,135.3,USD,-2.9550996987519556,1240817,0.5542289123433414,16914858485.123373,USD,16.26280109620655,8.3196,USD,3.423584694562535,1.80390187921389,Technology services,Buy
STZ,"Constellation Brands, Inc.",130.56,USD,-6.193418594625667,2680365,1.7067149898384695,16913158994.089952,USD,12.455400583846902,10.4822,USD,,2.94582554964794,Consumer non-durables,Buy
DINO,HF Sinclair Corporation,94.99,USD,1.4092025194832851,2528020,0.8683911124307864,16887687010.479239,USD,9.065661385760642,10.478,USD,,2.13515533255044,Energy minerals,Neutral
CX,"Cemex, S.A.B. de C.V. Sponsored",11.11,USD,0.45207956600360694,6067790,0.7809719408615948,16826043663,USD,33.68708308065494,0.3298,USD,-67.6126878130217,0.88996383363472,Non-energy minerals,Buy
J,Jacobs Solutions Inc.,143.63,USD,-0.7120143785427908,1021799,1.0662360952471783,16810256319.214642,USD,50.4177197416456,2.8488,USD,-28.810255641352413,0.940135490114752,Technology services,Buy
PAA,"Plains All American Pipeline, L.P.",23.75,USD,-0.6276150627615004,2020027,0.7104132351733552,16757203330.596235,USD,6.577854096272088,3.6106,USD,299.22600619195043,6.83054393305439,Industrial services,Buy
FLUT,Flutter Entertainment plc,96.39,USD,-4.950202149689376,2447437,0.46743280764521644,16727435250.98452,USD,,-4.3,USD,-311.80179292680526,0,Consumer services,Buy
PFGC,Performance Food Group Company,104.68,USD,-2.3962703962703897,2039289,0.9997720803475361,16490558133.325127,USD,45.749748699794594,2.2881,USD,5.204837004000183,0,Transportation,Buy
GEN,Gen Digital Inc.,27.41,USD,-3.7570224719101133,4296342,0.7626850604464118,16407270396.634483,USD,15.91106983224009,1.7227,USD,79.82254697286012,1.75561797752809,Technology services,Buy
KIM,Kimco Realty Corporation (HC),24.36,USD,-0.2048340843916457,3609501,0.7806372853285909,16340428894.825071,USD,28.558030480656505,0.853,USD,2.91988416988417,4.21958213846784,Finance,Buy
WPC,W. P. Carey Inc. REIT,71.52,USD,-0.13962580284837828,998286,0.8464941144388245,16293463830.199385,USD,24.494828412904994,2.9198,USD,91.85228990078191,5.16615470538956,Finance,Buy
ARMK,Aramark,61.8,USD,-0.9456643692899558,2806599,0.8964522822809337,16292026726.517067,USD,43.102245780443575,1.4338,USD,6.0659860926172575,0.745311748677673,Consumer services,Buy
NWS,News Corporation,32.68,USD,-1.4772384684956346,867831,0.6634544021738632,16257335191.22701,USD,31.811544826243548,1.0273,USD,26.23494716146475,0.602954476936991,Consumer services,Buy
NWSA,News Corporation,28.7,USD,-1.5775034293552843,3309149,0.7602114381560348,16240790374.056929,USD,27.93731139881242,1.0273,USD,26.23494716146475,0.685871056241427,Consumer services,Strong buy
PNFP,"Pinnacle Financial Partners, Inc.",107.35,USD,-0.6110545319877889,773098,0.8275564264670164,16221942265.378206,USD,14.739805025401619,7.283,USD,-3.4648215895233556,1.3702434959726,Finance,Buy
BALL,Ball Corporation,61.18,USD,-1.035263668715627,1309411,0.6581021626923038,16194550177.116467,USD,17.40292988195136,3.5155,USD,64.14530513143762,1.29407958589453,Process industries,Buy
YUMC,"Yum China Holdings, Inc.",47.14,USD,-0.9455768018491338,1282689,0.9640662584588576,16143476294.062199,USD,17.304797914907677,2.7241,USD,12.575419456153403,2.22735868880017,Consumer services,Strong buy
IREN,IREN Limited,44.9,USD,1.906491148433945,40135192,0.9172945500874026,16022901571.66364,USD,88.70011853022521,0.5062,USD,,0,Technology services,Buy
DOCN,"DigitalOcean Holdings, Inc.",135.28,USD,4.125615763546809,2341628,0.7816485952090748,15906160497.32143,USD,61.67312514246638,2.1935,USD,72.28243795161794,0,Technology services,Buy
PTC,PTC Inc.,145.98,USD,-2.5175292153589384,1036939,0.8025747990310332,15839743266.477194,USD,14.112529002320185,10.344,USD,143.8529904052429,0,Technology services,Buy
ALB,Albemarle Corporation,133.99,USD,-1.5864854939405042,1976778,0.8153759977825222,15811497051.519207,USD,,-0.0364,USD,99.60973099314884,1.18986412045538,Process industries,Buy
TIGO,Millicom International Cellular S.A.,94.26,USD,0.394078176589631,1521885,1.089766292628513,15792398770.629248,USD,23.764622831787012,3.9664,USD,-29.71239212489588,3.19522845883481,Communications,Neutral
PHYS,Sprott Physical Gold Trust ETV,33.61,USD,1.1435449894673566,2546715,0.522241144673992,15760191480,USD,6.209470319803425,5.4127,USD,-27.944993942943857,0,Miscellaneous,No rating
NBIX,"Neurocrine Biosciences, Inc.",154.49,USD,1.158983761131489,1168987,0.8632391040881509,15703781565.707176,USD,22.633244454862435,6.8258,USD,101.47584049115972,0,Health technology,Strong buy
HST,"Host Hotels & Resorts, Inc.",22.81,USD,-0.39301310043668064,6132855,0.5380957786980577,15627687067.957205,USD,15.301536191051184,1.4907,USD,57.82953943885653,3.49344978165939,Finance,Buy
BBIO,"BridgeBio Pharma, Inc.",79.89,USD,0.03756574004508031,2795715,1.267526726186045,15617494300.220886,USD,,-3.5686,USD,12.833414753297514,0,Health technology,Strong buy
WSE,Wise Group plc,12.91,USD,-1.3750954927425494,651546,0.5800057684912191,15493390986.914436,USD,,,,,0,Commercial services,Strong buy
VNOM,"Viper Energy, Inc.",43.05,USD,1.7971151572475716,1197008,0.6507459499354097,15463340287.214472,USD,337.1182458888018,0.1277,USD,-96.30860842920738,5.46228422794987,Miscellaneous,Strong buy
TU,Telus Corporation,9.69,USD,-0.7172131147541013,3787592,0.3979534290748378,15397409956.344904,USD,,-0.4029696,USD,-185.53651039474363,12.3449039881832,Communications,Neutral
AMKR,"Amkor Technology, Inc.",61.3,USD,3.915917952195279,3571037,0.9326627354900037,15230136775.433123,USD,27.50729190038142,2.2285,USD,81.84414524683802,0.564926258687913,Electronic technology,Buy
MAA,"Mid-America Apartment Communities, Inc.",131.12,USD,-1.7754138886808033,780840,0.906021029796563,15212798679.732113,USD,38.306698997925736,3.4229,USD,-29.495973140538425,4.57337628286763,Finance,Neutral
RBA,"RB Global, Inc.",82.11,USD,-2.5516259197721403,2488663,0.9645388064337908,15201502531.929434,USD,36.21034546019023,2.267584,USD,8.982224948666111,1.46490975964417,Technology services,Buy
TRU,TransUnion,78.7,USD,-2.211729622266403,1324839,0.7498607636491244,15078921108.918987,USD,20.759146421882832,3.7911,USD,90.78556690654723,0.596421471172962,Commercial services,Buy
TXT,Textron Inc.,87.65,USD,-1.5168539325842632,1253957,0.9103552467372373,15074653819.661797,USD,16.541481090058127,5.2988,USD,19.88235294117647,0.0898876404494382,Electronic technology,Buy
SWK,"Stanley Black & Decker, Inc.",99.59,USD,-2.4297051043401487,1249509,0.6212659364503472,15039747863.714314,USD,24.28372875569969,4.1011,USD,30.0409043345911,3.25266973645537,Consumer durables,Neutral
NXT,Nextpower Inc.,99.09,USD,-2.345520843599089,1491949,0.6071440837972122,15034878585.619987,USD,25.68229531140658,3.8583,USD,5.139384690846653,0,Electronic technology,Strong buy
GFL,"GFL Environmental Inc. Subordinate voting shares, no par value",41.54,USD,-0.8591885441527434,1777323,1.0660662831165009,14991384419.74987,USD,,-0.395648,USD,87.87859681633327,0.155226217099604,Industrial services,Buy
KEP,Korea Electric Power Corporation,11.81,USD,0.3398470688190393,849057,0.787936819690305,14984403879.913181,USD,2.7548402146022863,4.287,USD,22.178522571819425,4.20151231945624,Utilities,Buy
SKM,"SK Telecom Co., Ltd.",39.96,USD,3.76525577772008,3196096,1.635017461574535,14891804016.037182,USD,31.73443456162643,1.2592,USD,-31.949848681366188,1.30889379381979,Communications,Buy
TTMI,"TTM Technologies, Inc.",140.98,USD,0.6999999999999927,3041370,0.9156735356507884,14852083596.935001,USD,63.63061924535115,2.2156,USD,148.6365166647963,0,Electronic technology,Strong buy
CRBG,Corebridge Financial Inc.,33.18,USD,-3.7423846823324607,4558979,0.7706487919048338,14790732803.274153,USD,18.861918026263428,1.7591,USD,,2.84305192921381,Finance,Strong buy
SUI,"Sun Communities, Inc.",121.36,USD,-1.5654148754968016,2361742,2.3003067865294433,14781764217.777273,USD,,-6.7903,USD,-166.36077557562254,3.5039338145835,Finance,Buy
SOLV,Solventum Corporation,86.82,USD,-1.9979681679647932,1521455,1.1026360993226578,14778824463.318657,USD,10.612005427010375,8.1813,USD,276.8621309134461,0,Health services,Buy
FUTU,Futu Holdings Limited,109.5,USD,4.057778200133038,1167503,1.273408431698201,14752666403,USD,12.032041491313855,9.1007,USD,51.89351581406992,2.4232633279483,Finance,Strong buy
MLI,"Mueller Industries, Inc.",66.63,USD,1.1077389984825337,908784,0.9131438050974378,14737316789.174202,USD,17.366939477662513,3.8366,USD,21.80455901962029,0.910470409711684,Producer manufacturing,Strong buy
COO,"The Cooper Companies, Inc.",75.1,USD,-1.4047525272417059,1928073,1.010796873065181,14646799539.914663,USD,63.42905405405405,1.184,USD,-42.568878540939075,0,Health technology,Buy
CPT,Camden Property Trust,108.26,USD,-1.9028633562885051,617416,0.7498801546700085,14641012373.359009,USD,35.82988581830217,3.0215,USD,110.85136078157711,3.82384922073215,Finance,Neutral
MAS,Masco Corporation,73.93,USD,-0.538140723799262,2002056,0.8550383648228778,14578067721.472755,USD,17.0404517690446,4.3385,USD,15.220162532533058,0,Producer manufacturing,Neutral
APA,APA Corporation,41.58,USD,2.7427724240177898,4935563,0.8446195546157437,14567615870.357302,USD,8.793300342596117,4.7286,USD,58.661879676542625,2.47096614776378,Energy minerals,Neutral
DOC,"Healthpeak Properties, Inc.",20.58,USD,-1.0101010101010142,4515353,0.7894959265894376,14540330862.90909,USD,58.833619210977695,0.3498,USD,49.04132935662548,5.86839826839827,Finance,Buy
QXO,"QXO, Inc.",13.98,USD,-3.652653342522394,16703123,0.8417034581879995,14503989127.997242,USD,,-0.8937,USD,-307.70985401459853,0,Distribution services,Strong buy
MKC,"McCormick & Company, Incorporated",53.94,USD,-1.3352844338759904,3204301,1.4844533177959087,14497619177.849644,USD,8.977282183573271,6.0085,USD,108.65020661874499,3.45710627400768,Consumer non-durables,Buy
UNM,Unum Group,91.51,USD,-1.9500696453444692,1025991,0.7418866284608574,14486654930.70824,USD,21.353899285947637,4.2854,USD,-48.71469602680708,2.01971498982107,Finance,Buy
JBS,JBS N.V.,13.44,USD,-1.5384615384615445,4593511,0.6977763537884586,14393286675.692308,USD,12.544334515587083,1.0714,USD,-18.413036856533658,0.00732600732600733,Consumer non-durables,Strong buy
IVZ,Invesco Ltd,32.57,USD,0.06144393241168395,4047808,0.8170082049437962,14379647705.520739,USD,,-0.6985,USD,-175.02685284640174,2.59600614439324,Finance,Buy
SMTC,Semtech Corporation,154.22,USD,9.882436765229787,3757451,1.8839710405682544,14365773880.775633,USD,,-0.3956,USD,80.79984469035139,0,Electronic technology,Buy
GWRE,"Guidewire Software, Inc.",171.99,USD,-2.050230650948228,1037091,0.9578342395786712,14319262871.291134,USD,92.66702586206897,1.856,USD,371.30523108176743,0,Technology services,Strong buy
LOGI,Logitech International S.A. - Registered Shares,101.12,USD,-1.9109515956930827,544947,0.676596762250324,14270234225.348293,USD,18.916813741837984,5.3455091,USD,16.328958034319864,1.50393888756266,Electronic technology,Neutral
BWA,BorgWarner Inc.,69.9,USD,1.8060005825808463,2641851,1.0757646962245004,14236279783.025053,USD,35.50205698613439,1.9689,USD,110.21780909673289,0.990387416254005,Producer manufacturing,Buy
AGI,Alamos Gold Inc.,33.99,USD,1.8884892086331013,3869304,0.762232711319015,14228365184,USD,12.55166900639526,2.7080064,USD,223.4948253194788,0.388323624595469,Non-energy minerals,Strong buy
AEG,Aegon Ltd. New York Registry Shares,9.44,USD,-0.10582010582010357,4333434,1.062262784356341,14213404956.564,USD,13.365425456604841,0.7063,USD,50.46868342564977,4.16860317460317,Finance,Buy
W,Wayfair Inc.,103.08,USD,1.426744071632395,3137617,0.6717217939336289,14118677521.210272,USD,,-2.463,USD,-2.663498812054533,0,Retail trade,Buy
OHI,"Omega Healthcare Investors, Inc.",46.57,USD,0.0859660434128501,1859201,1.039457371340523,14111315062.701696,USD,16.63392506339965,2.7997,USD,74.66467028510824,5.75972490866108,Finance,Buy
ARCC,Ares Capital Corporation,19.64,USD,-1.1575239053850046,3354434,0.7010389478319581,14101970119.74031,USD,14.598974206496694,1.3453,USD,-34.09914764377388,9.66280825364872,Finance,Strong buy
REG,Regency Centers Corporation,76.37,USD,-0.4432277408421187,730860,0.5138596062097099,13984915811.63499,USD,25.771073766619423,2.9634,USD,38.2053912881261,3.87172467735628,Finance,Buy
AUR,"Aurora Innovation, Inc.",6.97,USD,-0.28612303290415536,28836501,1.2465487936266342,13968897985.949926,USD,,-0.4639,USD,1.1927582534611276,0,Technology services,Buy
EQH,"Equitable Holdings, Inc.",51.13,USD,-3.691844038425317,1471385,0.4284476035473401,13960287579.210966,USD,,-3.3102,USD,-366.9731429954029,2.09078922584291,Finance,Strong buy
WMG,Warner Music Group Corp.,26.37,USD,2.8070175438596587,3123658,1.2681161744329694,13794404150.164913,USD,20.854092526690394,1.2645,USD,123.7261146496815,2.96296296296296,Commercial services,Strong buy
ALLE,Allegion plc,162.1,USD,-1.626410972205369,1272930,1.1375788238915057,13784463385.324677,USD,21.265988848802888,7.6225,USD,5.885703172751004,1.28656390338633,Consumer durables,Buy
EQX,Equinox Gold Corp.,11.79,USD,1.6379310344827542,9175501,0.4999437369248013,13764351826.291302,USD,13.892292899966064,0.848672,USD,,0.255341614906832,Non-energy minerals,Strong buy
DT,"Dynatrace, Inc.",47.61,USD,-3.113553113553116,7390466,0.9841012161112858,13759391535.058607,USD,94.61446740858506,0.5032,USD,-69.03194042710321,0,Technology services,Buy
LULU,lululemon athletica inc.,115.74,USD,-3.1869510664993745,2829963,1.125285520081957,13734860379.43739,USD,9.346005700950426,12.3839,USD,-15.491910113893034,0,Consumer non-durables,Neutral
EMBJ,Embraer S.A.,77.15,USD,2.348102945078284,1239346,0.8463266362219853,13698172258.445398,USD,31.201973630995717,2.4726,USD,20.256796848402324,0.739016980631467,Electronic technology,Strong buy
SGI,Somnigroup International Inc.,65.01,USD,-1.5894641235240647,2595805,0.7962926662868961,13675859252.72434,USD,25.918985726816047,2.5082,USD,75.6319585463203,0.968816227671814,Consumer durables,Strong buy
AA,Alcoa Corporation,51.71,USD,3.4613845538215364,3999530,0.7079260340638359,13646756181.036816,USD,10.607179487179488,4.875,USD,25.044887908479964,0.800320128051221,Non-energy minerals,Buy
TOL,"Toll Brothers, Inc.",145.45,USD,-1.901935657921374,1045041,1.4275055735417048,13595357439.50934,USD,11.006765244502292,13.2146,USD,-1.9746602575514773,0.687934174141768,Consumer durables,Buy
TXRH,"Texas Roadhouse, Inc.",204.4,USD,-1.303718010622882,705420,0.710293036405564,13417006523.302752,USD,32.7291359764299,6.2452,USD,-4.7523182040019565,1.38097537421536,Consumer services,Buy
HAS,"Hasbro, Inc.",95.05,USD,-1.7063081695966966,1235183,0.7317245834171582,13406275890.563082,USD,17.084569066235282,5.5635,USD,,2.89555325749741,Consumer durables,Strong buy
BAX,Baxter International Inc.,25.91,USD,-3.067714178825291,5851205,0.7359892511850354,13395365396.493078,USD,,-1.9279,USD,-626.1393596986817,0.748222970445193,Health technology,Neutral
FIG,FIGMA INC,24.99,USD,-1.6915814319433644,10337581,0.3618094791135805,13319910367.03265,USD,,-3.0645,USD,-1737.8941742383752,0,Technology services,Buy
PSLV,Sprott Physical Silver Trust ETV,21.5,USD,1.9924098671726838,4485087,0.5711295451145195,13319313680,USD,2.9402513573020803,7.3123,USD,207.86039070394068,0,Miscellaneous,No rating
ALLY,Ally Financial Inc.,43.61,USD,-2.8946782453796422,2989641,1.1122825584573741,13266147847.870409,USD,10.271326958405954,4.2458,USD,175.80875665843834,2.67201068804275,Finance,Buy
HRL,Hormel Foods Corporation,24.02,USD,-2.118989405052973,4807284,1.6505526690043595,13218565385.791363,USD,28.332153809860817,0.8478,USD,-37.643424536628416,4.75753871230644,Consumer non-durables,Neutral
GGG,Graco Inc.,81.55,USD,-0.47595801806199733,1298448,1.0284437672188065,13207334977.625092,USD,25.62209375392736,3.1828,USD,12.853242562847916,1.41567000244081,Producer manufacturing,Neutral
FIVE,"Five Below, Inc.",238.56,USD,-2.445407704261058,952641,1.1311633489400876,13191259034.514435,USD,30.095372659837512,7.9268,USD,66.15939294847608,0,Retail trade,Buy
FNF,"Fidelity National Financial, Inc.",49.13,USD,-0.6872852233676902,1447033,0.8759780750170078,13176313083.329899,USD,17.100591715976332,2.873,USD,-27.175483511191096,4.16413988275723,Finance,Buy
AAOI,"Applied Optoelectronics, Inc.",154.89,USD,3.067607133351068,12903907,0.8303223047560792,13098928974.264305,USD,,-0.7792,USD,76.82331945270673,0,Electronic technology,Buy
ICLR,ICON plc,169.45,USD,3.861477168250066,490032,0.7538939928110903,13073780895.40545,USD,307.5875839535306,0.5509,USD,-94.52907761976643,0,Commercial services,Buy
PINS,"Pinterest, Inc.",23.07,USD,-4.1147132169575995,7557295,0.5622896690348751,13064841013.55611,USD,67.2398717575051,0.3431,USD,-87.73503967970258,0,Technology services,Buy
TRMB,Trimble Inc.,55.69,USD,-3.3159722222222285,2605452,0.8811321825432442,12985784950.239061,USD,,-0.4901,USD,-141.84954316454613,0,Technology services,Strong buy
AGNC,AGNC Investment Corp.,10.95,USD,-0.09124087591242301,11619947,0.6683760490848406,12981021871.505474,USD,5.743509047993705,1.9065,USD,487.157376039421,13.1386861313869,Finance,Neutral
CHKP,Check Point Software Technologies Ltd.,127.01,USD,-3.575766778013964,769452,0.7477157535025307,12967801354.170515,USD,13.009187655560222,9.7631,USD,27.25293918302442,0,Technology services,Buy
EXEL,"Exelixis, Inc.",52.32,USD,2.1077283372365305,2372576,0.723061834267285,12963938576.674473,USD,16.433193039763804,3.1838,USD,52.70023980815349,0,Health technology,Buy
RVTY,"Revvity, Inc.",116.17,USD,-0.5734337555631648,786673,0.5068361770909143,12962991131.516434,USD,55.171922492401215,2.1056,USD,-10.658520027155461,0.239643957548785,Health technology,Buy
BMRN,BioMarin Pharmaceutical Inc.,66.64,USD,-1.0688836104513049,2238135,0.7946808733875262,12899755548.828978,USD,179.6710703693718,0.3709,USD,-89.01492714133396,0,Health technology,Buy
CLX,Clorox Company (The),105.94,USD,0.22705771050141427,2515584,0.8242271911711062,12811430552.935478,USD,22.017166490013924,4.8117,USD,-26.25068971859481,4.69252601702933,Consumer non-durables,Neutral
WBS,Webster Financial Corporation,78.69,USD,-0.3924050632911421,7224552,1.2205053354088222,12750411965.347595,USD,12.800325335502237,6.1475,USD,24.832473703448,2.0253164556962,Finance,Neutral
CNH,CNH Industrial N.V.,10.29,USD,-1.4367816091954058,8915089,0.5206346109890604,12736199535.640804,USD,41.22596153846154,0.2496,USD,-62.02069385270846,0.957854406130268,Producer manufacturing,Buy
BF.B,Brown Forman Inc,27.58,USD,-2.9556650246305534,1606988,0.9653897674648844,12733956306.320196,USD,18.05210106034821,1.5278,USD,-16.84989659301186,3.23539760731879,Consumer non-durables,Neutral
CSGP,"CoStar Group, Inc.",31.35,USD,-3.180975911056211,4936570,0.8102557606250369,12702945219.890364,USD,172.53714914694552,0.1817,USD,-28.717143978030606,0,Technology services,Buy
SF,Stifel Financial Corporation,83.99,USD,-1.9037608035505835,1015280,1.200853825900087,12682636507.714201,USD,15.026119937025905,5.5896,USD,62.1301775147929,1.51055828077552,Finance,Buy
CORT,Corcept Therapeutics Incorporated,117.17,USD,2.3586966017297133,541103,0.5743703588749282,12665889230.136192,USD,279.84236923811795,0.4187,USD,-62.739165257631036,0,Health technology,Buy
HL,Hecla Mining Company,18.82,USD,2.4496461622210086,45489618,1.1978036798818164,12642682479.489384,USD,24.13129888447237,0.7799,USD,398.3386581469649,0.0816548720740337,Non-energy minerals,Buy
CCK,"Crown Holdings, Inc.",116.24,USD,-2.3357418921189725,878050,1.0075921994772064,12642320822.759201,USD,16.72614251179924,6.9496,USD,45.86822828117456,1.02503780877163,Process industries,Buy
SJM,The J.M. Smucker Company,117.83,USD,-2.9326962682263797,1039870,1.0487124285840925,12593750920.240463,USD,,-1.3071,USD,88.69789279815998,3.62468078095395,Consumer non-durables,Buy
ELS,"Equity Lifestyle Properties, Inc.",64.89,USD,-1.0973936899862808,1206917,0.9570418822240517,12592853371.60494,USD,31.532144419067983,2.0579,USD,11.382333838493189,3.22359396433471,Finance,Buy
JEF,Jefferies Financial Group Inc.,54.56,USD,-1.0518679724338018,2297835,1.203104924722791,12578931823.692421,USD,15.204124285913336,3.5885,USD,36.0156161164386,0,Finance,Buy
DKNG,DraftKings Inc.,25.3,USD,-3.2134659525631206,8738249,0.5089243497881705,12560287704.062738,USD,,-0.3725,USD,42.920625191541525,0,Consumer services,Buy
ARWR,"Arrowhead Pharmaceuticals, Inc.",88.7,USD,2.3776546629732254,930066,0.7789823042018255,12529271473.848104,USD,,-2.2431,USD,-77.55877463785323,0,Health technology,Strong buy
SNN,"Smith & Nephew SNATS, Inc.",29.68,USD,-0.4360952700436062,774772,0.5618740875017804,12412026932.118,USD,20.235903729460695,1.4667,USD,30.721925133689815,2.52264340825226,Health technology,Neutral
LI,Li Auto Inc.,12.41,USD,1.2234910277324662,1634577,0.652542810999649,12406567236.9366,USD,,-0.2708,USD,-125.65122667424458,0,Consumer durables,Buy
HTHT,H World Group Limited,46.61,USD,11.294173829990442,4527753,3.615122255365312,12394118904.713001,USD,21.24430264357338,2.194,USD,58.04639100994091,4.94269340974212,Consumer services,Strong buy
FHN,First Horizon Corporation,26.02,USD,-0.7627765064835976,2553892,0.45902895381960984,12327681397.350878,USD,12.493397992989868,2.0827,USD,34.32441148016769,2.44088482074752,Finance,Buy
GLPI,"Gaming and Leisure Properties, Inc.",42.25,USD,-3.0296075281156765,5859563,2.7292323233395925,12291371770.679367,USD,12.390029325513195,3.41,USD,30.98256126603672,7.25269680973147,Finance,Buy
TME,Tencent Music Entertainment Group,8.87,USD,0.3393665158370968,10283026,0.8883519914856648,12273706963.390602,USD,10.627845674574646,0.8346,USD,-8.466769028295683,2.63348416289593,Technology services,Buy
DECK,Deckers Outdoor Corporation,90.11,USD,-3.2012031367493865,2827551,1.3588625725248276,12271346403.313246,USD,12.78736447749333,7.0468,USD,8.21585429527934,0,Consumer non-durables,Buy
HMY,Harmony Gold Mining Company Limited,20.03,USD,3.034979423868312,2250774,0.7647500647095843,12220781901.6812,USD,13.830007595111512,1.4483,USD,57.458143074581436,1.67662551440329,Non-energy minerals,Buy
HBM,Hudbay Minerals Inc.,27.44,USD,2.8100412139378044,2776209,0.537823118294995,12186649869.060827,USD,16.600908355242016,1.6529216,USD,121.08299559063627,0.08110300081103,Non-energy minerals,Strong buy
PNW,Pinnacle West Capital Corporation,100.41,USD,-1.0543949546708782,1150221,1.0126448882439727,12169414780.14052,USD,19.255920989548372,5.2145,USD,7.42686444169757,3.57213243988963,Utilities,Neutral
ALGN,"Align Technology, Inc.",171.16,USD,-5.598146820362918,916811,1.143871564527531,12159180276.17517,USD,29.692080839621823,5.7645,USD,-2.7613778212610978,0,Health technology,Buy
OC,Owens Corning Inc,153.81,USD,-0.5560224995150871,650847,0.6905901891494767,12158477814.2795,USD,,-8.1361,USD,-314.5313117996045,1.97840563780953,Process industries,Buy
AMH,American Homes 4 Rent,33.63,USD,-1.320422535211255,1838575,0.7527712911251332,12100579323.314262,USD,26.599699438424427,1.2643,USD,13.757423070001803,3.69718309859155,Finance,Buy
BJ,"BJ's Wholesale Club Holdings, Inc.",94.43,USD,1.0919601755700785,1453057,1.0524828639622563,12058143474.790173,USD,21.692586892099882,4.3531,USD,1.2136994582529241,0,Retail trade,Buy
AHR,"American Healthcare REIT, Inc.",54.68,USD,0.681274166820102,2866201,0.7992789146966237,12004548550.80464,USD,81.10353010975972,0.6742,USD,,1.84128153194623,Finance,Strong buy
UDR,"UDR, Inc.",37.24,USD,-1.8450184501844906,2260533,0.8085262525231874,11963879164.302586,USD,23.73032562288919,1.5693,USD,309.3114241001565,3.41328413284133,Finance,Neutral
BTSG,"BrightSpring Health Services, Inc.",60.38,USD,-2.1552422621941307,1656230,0.5367711560312206,11947041866.606709,USD,45.096721189035776,1.3389,USD,352.94316644113667,0,Health services,Strong buy
RTO,Rentokil Initial plc,23.55,USD,-1.2164429530201308,1102668,0.6636735986567969,11941227437.7,USD,25.050526539729816,0.9401,USD,42.78554070473877,2.33348154362416,Commercial services,Buy
CHYM,"Chime Financial, Inc.",31.45,USD,-1.7801374141161892,6108162,0.4910368456783995,11906501421.519361,USD,,-0.0597,USD,97.70790140520617,0,Technology services,Strong buy
KTOS,"Kratos Defense & Security Solutions, Inc.",63.29,USD,-1.9975224527717546,3453100,0.7194099667416383,11880883232.07448,USD,363.94479585968946,0.1739,USD,86.58798283261801,0,Electronic technology,Strong buy
KNX,Knight-Swift Transportation Holdings Inc.,72.8,USD,0.5247169290251249,2521166,0.8641391569347161,11848636260.18227,USD,276.9113731456827,0.2629,USD,-74.09852216748767,1.04943385805026,Transportation,Buy
FPS,"Forgent Power Solutions, Inc.",38.83,USD,-2.092788703983859,4874056,0.8470282328088566,11820973932.44125,USD,,,,,0,Producer manufacturing,Strong buy
ELAN,Elanco Animal Health Incorporated,23.61,USD,-0.25348542458809575,7147399,0.5983495899617026,11796072074.501902,USD,,-0.4045,USD,-146.3504067835453,0,Health technology,Strong buy
GDDY,GoDaddy Inc.,92.37,USD,-2.6762195764408303,1785188,0.7677424221481502,11698448969.682964,USD,13.69580689164344,6.7444,USD,20.188897799162422,0,Technology services,Buy
HALO,"Halozyme Therapeutics, Inc.",103,USD,4.398945874721268,2199601,0.7412492625759404,11690294547.050478,USD,30.77382730803705,3.347,USD,-23.547819730921223,0,Health technology,Strong buy
FROG,JFrog Ltd.,94.64,USD,-1.5909327233024864,1853493,0.7317539994445202,11669236258.17698,USD,,-0.3712,USD,51.508817766165905,0,Technology services,Strong buy
MICC,The Magnum Ice Cream Company N.V.,19.01,USD,-2.911133810010198,562908,0.8207490099463919,11639057549.141783,USD,57.141641396143974,0.33268207800000005,USD,-70.24077689228113,0,Consumer non-durables,Neutral
SANM,Sanmina Corporation,217.03,USD,2.9358755454372973,410264,0.644564071174413,11632233728.985203,USD,38.840667895556315,5.5877,USD,19.620226066107215,0,Electronic technology,Buy
RRX,Regal Rexnord Corporation,174.52,USD,-0.552738047752008,1152848,0.6920359392291924,11621612737.406576,USD,35.953111802393856,4.8541,USD,29.057215782197165,0.797766254487435,Producer manufacturing,Strong buy
PSKY,Paramount Skydance Corporation,10.28,USD,1.3806706114398302,6878073,0.5172560673575464,11533604116.60355,USD,,-0.5643,USD,-2130.4347826086955,1.9723865877712,Consumer services,Neutral
MOD,Modine Manufacturing Company,216.75,USD,3.4606205250596656,1630602,1.423624134354472,11512178858.928402,USD,81.68456755228942,2.6535,USD,-23.959766162310856,0,Producer manufacturing,Strong buy
GMED,"Globus Medical, Inc.",85.12,USD,-0.9080325960419103,1083063,0.6292503153911949,11428374375.733643,USD,21.765367699703386,3.9108,USD,50.93203658677782,0,Health technology,Buy
DOCU,"DocuSign, Inc.",59.82,USD,-3.5783365570599592,2116504,0.7135848703166046,11422306774.22824,USD,38.841633660151935,1.5401,USD,-70.89593136421189,0,Technology services,Neutral
VIAV,Viavi Solutions Inc.,46.26,USD,6.247129076711068,6139296,1.137907582819933,11414647475.57832,USD,,-0.1599,USD,-204.1015625,0,Technology services,Strong buy
TECH,Bio-Techne Corp,72.39,USD,-0.013812154696139662,2933343,1.0133104685185568,11334012493.405937,USD,62.49676249676249,1.1583,USD,155.4134509371555,0.441988950276243,Health technology,Neutral
IT,"Gartner, Inc.",179.19,USD,-1.049202054227183,2285288,1.2943795888752891,11315664668.21807,USD,16.07791764990893,11.1451,USD,-31.447674347082632,0,Technology services,Neutral
CART,Maplebear Inc.,48.86,USD,-0.0409165302782388,4420641,0.8590072210268467,11311093229.677986,USD,26.900842371854868,1.8163,USD,4.849044622755878,0,Transportation,Buy
BMNR,"BitMine Immersion Technologies, Inc.",18.73,USD,3.5951327433628437,30953520,1.2154495767141225,11298430037.936396,USD,,-8.5291,USD,-196.1904431170996,0.0553097345132743,Finance,Strong buy
WTRG,"Essential Utilities, Inc.",39.8,USD,-1.4363546310054616,1983170,1.0119230339046288,11294388378.563643,USD,20.328940647665746,1.9578,USD,-16.251015955854044,3.39375928677563,Utilities,Neutral
SCI,Service Corporation International,82.53,USD,-2.0182832719933548,730623,0.7713432922800744,11248145821.486288,USD,21.530314097881664,3.8332,USD,4.0555947662739555,1.61462661759468,Consumer services,Strong buy
VSAT,"ViaSat, Inc.",81.41,USD,-1.7617955834439578,1578461,0.6607935453715993,11214701156.484978,USD,,-0.2434,USD,94.73331169533701,0,Electronic technology,Strong buy
CGNX,Cognex Corporation,66.6,USD,1.4779826298948635,2033599,0.6895329317407837,11203707704.22063,USD,64.4848954298993,1.0328,USD,44.54863540937718,0.510437300015237,Electronic technology,Buy
AR,Antero Resources Corporation,36.4,USD,-2.595664971902593,3443769,0.8137343277405351,11190779111.03024,USD,10.45016077170418,3.4832,USD,142.66406576564023,0,Energy minerals,Buy
XPEV,XPeng Inc.,12.2,USD,4.273504273504273,8953586,1.3322032838618278,11090542330.449402,USD,,-0.3391,USD,54.501543002817655,0,Consumer durables,Buy
MGM,MGM Resorts International,43.78,USD,-0.7256235827664406,2337705,0.9325284015263963,11014729904.050339,USD,26.49639895902681,1.6523,USD,-8.95917130420408,0,Consumer services,Buy
RMBS,"Rambus, Inc.",100.61,USD,-0.23797719385225077,1872338,0.9606104849971212,10912321537.092812,USD,46.05208953174349,2.1847,USD,3.388386730396084,0,Electronic technology,Buy
IAG,Iamgold Corporation,19.05,USD,4.098360655737705,5399754,0.8278898374315186,10877550130.346048,USD,9.909785062224088,1.9223423999999998,USD,37.740763814193585,0,Non-energy minerals,Buy
HUT,Hut 8 Corp.,88.04,USD,3.043071161048699,3953457,0.8265584145962573,10851763880.175095,USD,,-5.3526,USD,-479.26734216679654,0,Technology services,Strong buy
FORM,"FormFactor, Inc.",138.16,USD,4.9848024316109445,966246,0.7958969192051524,10793160217.426748,USD,94.72096530920061,1.4586,USD,159.21450151057402,0,Electronic technology,Buy
GSAT,"Globalstar, Inc.",83.03,USD,0.7767933001577868,752109,0.8482691276139708,10757647777.792934,USD,,-0.5068,USD,-29.915406306075372,0,Communications,Buy
HUBS,"HubSpot, Inc.",215.17,USD,-4.0019630588025334,1310014,0.4554959009110203,10729710115.762827,USD,76.16367562210186,2.8251,USD,,0,Technology services,Buy
DAR,Darling Ingredients Inc.,67.67,USD,0.9397374701670576,1820277,0.847311023118994,10678523571.366943,USD,18.184016767883055,3.7214,USD,470.41692213366036,0,Consumer non-durables,Strong buy
RYAN,"Ryan Specialty Holdings, Inc.",41.68,USD,-0.3347680535628899,1297436,0.6466699316594414,10662360301.88809,USD,61.177161309261706,0.6813,USD,2862.1739130434785,1.19560019129603,Finance,Buy
JKHY,"Jack Henry & Associates, Inc.",149.87,USD,-2.2438197116952567,1299409,1.643391768149052,10648380416.391626,USD,20.95556363432982,7.1518,USD,21.73483803979641,1.55241014937056,Technology services,Buy
BXP,"BXP, Inc.",66.69,USD,-2.571219868517173,1397054,1.2420387460214288,10647828965.81899,USD,35.83172147001934,1.8612,USD,9299.999999999998,4.09057706355004,Finance,Buy
MOH,Molina Healthcare Inc,203.06,USD,-4.410864755448856,618002,1.0698193344118048,10599731789.703901,USD,,-0.1884,USD,-100.92903989348588,0,Health services,Neutral
WYNN,"Wynn Resorts, Limited",102.79,USD,0.2535843167853361,1247306,0.7398967329086487,10584686254.656883,USD,24.61976958635722,4.1751,USD,23.166558499026475,0.975324295328197,Consumer services,Strong buy
CYTK,"Cytokinetics, Incorporated",75.87,USD,2.3472278429785636,1492023,0.6912497287396266,10547706654.739378,USD,,-7.2229,USD,-41.03370172218533,0,Health technology,Strong buy
SAIL,"SailPoint, Inc.",18.59,USD,-4.813108038914496,2208964,0.668381309006641,10543932031.871479,USD,,-0.2802,USD,78.71144203008662,0,Technology services,Buy
EGO,Eldorado Gold Corporation,40.33,USD,1.51019380820539,1887405,0.7124714831911496,10539029770.488474,USD,14.5742315155524,2.7672128,USD,35.921721788993125,0,Non-energy minerals,Buy
AES,The AES Corporation,14.76,USD,0.2036659877800364,6711470,1.036971509893508,10530353388.29328,USD,5.516107332386576,2.6758,USD,88.92889924451038,4.77800407331976,Utilities,Neutral
NYT,New York Times Company (The),65.27,USD,0.740855070226871,1533674,0.4934324783618935,10526979245.242935,USD,27.23782498017777,2.3963,USD,23.367998352553553,1.2656274116376,Consumer services,Buy
AM,Antero Midstream Corporation,22.15,USD,-1.773835920177393,6190084,2.655184301390813,10514028992.93348,USD,26.584253480556885,0.8332,USD,-11.39940450871969,3.99113082039911,Industrial services,Neutral
RDY,Dr. Reddy's Laboratories Ltd,12.11,USD,-1.303993480032601,2042530,0.799946642286505,10503193983.8125,USD,27.213483146067414,0.445,USD,-44.31931931931932,0.524074979625102,Health technology,Neutral
ALSN,"Allison Transmission Holdings, Inc.",127.11,USD,0.9851434019226144,622438,0.7345833075662653,10496495030.168188,USD,20.179393554532464,6.299,USD,-28.496832928462773,0.889806943672043,Producer manufacturing,Buy
BSY,"Bentley Systems, Incorporated",34.74,USD,-4.139072847682119,1829416,0.6226737582916928,10494707338.331125,USD,38.28943017744958,0.9073,USD,15.934065934065938,0.772626931567329,Technology services,Buy
ZION,Zions Bancorporation N.A.,71.58,USD,-0.8587257617728595,1256332,0.9774899820138021,10447340629.416895,USD,9.118471337579617,7.85,USD,43.201138312233205,2.49307479224377,Finance,Neutral
MP,MP Materials Corp.,58.51,USD,-0.39155600953354436,5738279,0.6844647883963929,10420724505.434626,USD,,-0.3499,USD,43.46421069639684,0,Non-energy minerals,Strong buy
APTV,Aptiv PLC,50.04,USD,0.9685230024213012,3995536,0.6570526745774298,10389972185.78208,USD,29.583210168489504,1.6915,USD,-71.97601020560315,0,Producer manufacturing,Strong buy
EAT,"Brinker International, Inc.",241.71,USD,1.9228336495888687,924254,0.6974099697992796,10366407618.467552,USD,22.17807791826473,10.8986,USD,31.13306301211633,0,Consumer services,Buy
ABVX,Abivax SA,120.73,USD,1.4878950907868278,894804,1.1350094562557793,10363355948.484001,USD,,-5.2547,USD,-41.662847437521904,0,Health technology,Strong buy
ONB,Old National Bancorp,27.07,USD,-0.3680529996319522,2476151,0.7436652206523781,10356170127.160837,USD,12.055758439476262,2.2454,USD,33.31354271804312,2.0979020979021,Finance,Buy
GIL,"Gildan Activewear, Inc.",55.89,USD,-1.4633286318758785,1464749,1.1488550932532138,10350372426.593142,USD,107.86576704545456,0.5181439999999999,USD,-83.88749457014873,1.67004571428571,Consumer non-durables,Strong buy
ONON,On Holding AG,31.31,USD,-2.8243327126008695,10178886,0.8964532498665742,10312653993.400993,USD,20.98666130437697,1.4919,USD,226.7411300919842,0,Consumer non-durables,Buy
FLS,Flowserve Corporation,80.97,USD,0.12365524916532003,1281965,0.8645573857876373,10292321961.203289,USD,28.39358978854718,2.8517,USD,29.30534143466038,1.06343514282181,Producer manufacturing,Buy
ORI,Old Republic International Corporation,42.51,USD,-0.7934655775962739,885241,0.8283465940315582,10263313164.318552,USD,9.31011826544021,4.566,USD,29.326460091769093,2.82380396732789,Finance,Buy
PNR,Pentair plc.,64.1,USD,-3.1136638452237038,2450459,0.9415068742101949,10232793463.10157,USD,16.13106173088054,3.9737,USD,8.53545285698678,1.60217654171705,Producer manufacturing,Buy
SMMT,Summit Therapeutics Inc.,12.78,USD,-4.269662921348317,9878550,2.259708180815908,10195240610.764046,USD,,-1.1192,USD,-11.097875719674398,0,Health technology,Buy
SWKS,"Skyworks Solutions, Inc.",67.73,USD,-2.7147371444987076,3690021,0.8042269316718085,10191521677.75352,USD,35.08417508417509,1.9305,USD,-23.08152043987568,4.07928756104568,Electronic technology,Neutral
APGE,"Apogee Therapeutics, Inc.",134.59,USD,0.029728725380893377,1949998,1.4457573170038214,10186812832.572054,USD,,-4.3345,USD,-6.360267955733316,0,Health technology,Neutral
LTH,"Life Time Group Holdings, Inc.",45.34,USD,0.17675651789660937,2547183,0.7584357182730751,10131764883.12373,USD,24.790857892722403,1.8289,USD,79.02310101801095,0,Consumer services,Strong buy
LKNCY,Luckin Coffee Inc.,35.9,USD,1.670914755026894,784603,0.41717550611713283,10126527946,USD,21.313227261933033,1.6844,USD,-1.0166304283951397,0,Consumer non-durables,Strong buy
SUZ,Suzano S.A.,7.86,USD,-3.0826140567200877,3776923,1.1339113907489078,10072375131.3042,USD,6.264445684227306,1.2547,USD,12.357840064475678,2.26346485819975,Process industries,Strong buy
WLK,Westlake Corporation,78.21,USD,-1.6844751728472704,943229,0.7066104552058554,9994968319.532244,USD,,-9.5896,USD,-1710.041525103813,2.66499057196732,Process industries,Buy
HSIC,"Henry Schein, Inc.",89.52,USD,-0.27848947309791694,1265768,0.8915927398933244,9976693961.834911,USD,26.08695652173913,3.4316,USD,10.347932342915946,0,Distribution services,Buy
PAYP,PayPay Corporation - American Depository Shares,14.97,USD,0.5372733378106116,664567,0.7522626163059604,9955832436,USD,12.127349319507454,1.2344,USD,,0,Commercial services,Strong buy
SOLS,Solstice Advanced Materials Inc.,62.55,USD,-0.15961691939345796,1309487,0.6891949785897441,9935903960.454111,USD,47.4618711586615,1.3179,USD,,0,Process industries,Strong buy
SIRI,SiriusXM Holdings Inc.,29.125,USD,2.3366127898805313,5326611,1.23377923337454,9817072987.658117,USD,11.47195525445092,2.5388,USD,,3.79479971890373,Consumer services,Neutral
OGE,OGE Energy Corp,47.35,USD,-0.3157894736842075,961601,0.7177353443237687,9781623777.463158,USD,20.738437281009112,2.2832,USD,-6.226384097256455,3.57894736842105,Utilities,Neutral
IONS,"Ionis Pharmaceuticals, Inc.",58.63,USD,2.4283717679944106,2000182,0.9089330170049529,9743387329.152166,USD,,-3.4728,USD,-87.54657881946319,0,Health technology,Buy
PODD,Insulet Corporation,139.7,USD,-2.5394167713129723,1948953,0.8998163527029054,9688780743.952837,USD,27.6951746560406,5.0442,USD,53.510453756961574,0,Health technology,Buy
AG,First Majestic Silver Corp.,19.57,USD,1.6095534787123504,7440133,0.7394645356713352,9646177701.503178,USD,28.845382852075808,0.6784448,USD,,0.182059813084112,Non-energy minerals,Strong buy
ESI,Element Solutions Inc.,39.22,USD,1.056428755475384,2660137,0.9532070396662771,9557557542.648287,USD,53.44052323204796,0.7339,USD,-25.906108026249374,0.824529760371038,Process industries,Strong buy
AAL,"American Airlines Group, Inc.",14.43,USD,-2.6972353337828747,40438064,0.8432591958460486,9552225747.491571,USD,,-0.4936,USD,-163.46104397017228,0,Transportation,Buy
RGEN,Repligen Corporation,169.04,USD,1.3247017922435889,658901,0.684817294161996,9539877200.139061,USD,230.39389396210984,0.7337,USD,,0,Health technology,Strong buy
COMP,"Compass, Inc.",12.39,USD,-4.838709677419347,10155357,0.8660071474502243,9511117545.612904,USD,232.45778611632272,0.0533,USD,,0,Finance,Buy
FRO,Frontline Plc,42.18,USD,2.3537976219364203,1919232,1.0198556071780653,9390233472.666828,USD,10.376894312143278,4.0648,USD,159.99744147371118,7.5952438728464,Transportation,Buy
JAN,"Janus Living, Inc.",30.41,USD,-0.7182500816193238,1204882,0.4290152370514616,9362958582.668625,USD,,,,,0,Finance,Strong buy
TEM,"Tempus AI, Inc.",51.64,USD,-0.8829174664107502,2869524,0.6876277429485677,9317650989.550097,USD,,-1.4402,USD,-21.60770075149878,0,Technology services,Buy
CTRE,"CareTrust REIT, Inc.",39.26,USD,1.2638638122259345,1718117,0.7851263688623453,9276871048.202217,USD,24.74473717383083,1.5866,USD,32.349015682349005,3.7400051586278,Finance,Strong buy
ADC,Agree Realty Corporation,74.54,USD,-0.2675943270002524,1625326,1.2118614230707345,9271233547.58978,USD,40.15298427063133,1.8564,USD,10.717480765789942,4.2025689055392,Finance,Buy
CUBE,CubeSmart,41.14,USD,-0.8196721311475321,1496320,0.7823712155657739,9263174726.967213,USD,28.126068229985645,1.4627,USD,-10.854461238420292,5.08678881388621,Finance,Buy
VIRT,"Virtu Financial, Inc.",59.5,USD,-0.8663778740419912,1314703,1.2119426270416627,9234413819.226925,USD,9.875846501128668,6.0248,USD,36.75943160666454,1.59946684438521,Finance,Buy
SYRE,"Spyre Therapeutics, Inc.",104.6,USD,0.9360223873395724,891634,1.1891643464886845,9222975792.807102,USD,,-2.18,USD,28.51287096245286,0,Health technology,Strong buy
RRC,Range Resources Corporation,39.36,USD,-2.3809523809523827,2294303,1.0524787716598385,9197625823.833334,USD,10.86182631012501,3.6237,USD,82.40712775596496,0.942460317460317,Energy minerals,Neutral
TTEK,"Tetra Tech, Inc.",35.82,USD,-1.8898931799506924,2043926,0.8206057220933367,9171511189.937551,USD,21.545864661654136,1.6625,USD,106.08652535019216,0.731306491372227,Industrial services,Buy
AVAV,"AeroVironment, Inc.",181.13,USD,-6.0577770862507165,1081207,0.8501459242599742,9166632761.081375,USD,,-5.4315,USD,-451.9178437216534,0,Electronic technology,Strong buy
COLB,"Columbia Banking System, Inc.",32.34,USD,-1.070663811563152,2609411,1.0036276444057706,9149059438.214132,USD,12.903998084749821,2.5062,USD,-0.5002382086707934,4.49678800856531,Finance,Buy
YMM,Full Truck Alliance Co. Ltd.,8.84,USD,0.34052213393869873,4891790,0.8472496423974993,9140765976,USD,16.152019002375297,0.5473,USD,12.082736022936718,2.64245175936436,Technology services,Strong buy
BRX,Brixmor Property Group Inc.,29.76,USD,-0.7338225483655733,1918158,0.8613787903887924,9132519938.8499,USD,21.234391723153767,1.4015,USD,28.22506861848125,4.03602401601067,Finance,Strong buy
AVTR,"Avantor, Inc.",13.5,USD,-1.1713030746705722,4537082,0.6005071831445113,9130844045.095167,USD,,-0.8468,USD,-184.09136047666337,0,Health technology,Neutral
SIMO,Silicon Motion Technology Corporation,272.7,USD,1.4131647452584648,1215632,0.8280338337870052,9117793768,USD,31.974392345844027,8.5287,USD,259.784855515714,0.740052063964299,Electronic technology,Strong buy
APLD,Applied Digital Corporation,31.18,USD,-0.06410256410256274,13582652,0.8325575755008027,9088007265.533335,USD,,-0.8894,USD,18.887368901048795,0,Technology services,Strong buy
VOYA,"Voya Financial, Inc.",100.14,USD,-1.3593380614657167,882722,0.7983476686242444,9072318351.88948,USD,16.886445651074162,5.9302,USD,18.72509960159362,1.83215130023641,Finance,Buy
SARO,"StandardAero, Inc.",27.39,USD,-1.8279569892473049,2453376,0.6243581777419095,9063883162.17527,USD,28.1964175416924,0.9714,USD,144.62352052379754,0,Transportation,Strong buy
CHWY,"Chewy, Inc.",22.13,USD,-1.2934879571811002,5694216,0.8773681666817948,9060557861.860836,USD,36.73029045643153,0.6025,USD,-32.51568100358423,0,Retail trade,Buy
KT,KT Corporation,19,USD,-0.6276150627615115,991029,0.4848261203167216,9037882379.773027,USD,10.264167251904274,1.8511,USD,39.49510173323286,0,Communications,Buy
IMVT,"Immunovant, Inc.",43.71,USD,4.519368723098998,1216529,1.061553171027628,9028417952.59541,USD,,-2.8093,USD,1.2756536407084698,0,Health technology,Buy
BAH,Booz Allen Hamilton Holding Corporation,74.97,USD,-3.2145623547637427,1543205,0.8685574878283027,9017764330.398914,USD,11.77274226221322,6.3681,USD,-21.793753914549225,2.9434546862897,Commercial services,Neutral
CRNX,"Crinetics Pharmaceuticals, Inc.",84.75,USD,0.05903187721369204,1638517,0.7699708560713604,8989027383.993505,USD,,-5.0453,USD,-22.68206686930092,0,Health technology,Neutral
PCVX,"Vaxcyte, Inc.",60.22,USD,3.7024281040123967,712903,0.7484600936699797,8961054070.902357,USD,,-7.7094,USD,-83.87235260446478,0,Health technology,Strong buy
PB,"Prosperity Bancshares, Inc.",74.48,USD,-0.7594936708860669,700169,0.8048727188371891,8950766422.562027,USD,12.904343607602613,5.7717,USD,5.186710648612203,3.17121918720853,Finance,Buy
WAL,Western Alliance Bancorporation,81.72,USD,-0.728862973760926,629369,0.7165123007906045,8915722918.30758,USD,9.207057392009734,8.8758,USD,16.700852003786686,1.99222546161322,Finance,Buy
SFD,"Smithfield Foods, Inc.",22.61,USD,-0.6590509666080937,1482169,0.8078717856351157,8903081580.577766,USD,8.418348350584555,2.6858,USD,15.982208403506492,4.94288224956063,Consumer non-durables,Buy
PBF,PBF Energy Inc.,75.07,USD,4.481558803061934,2946345,0.8696666653384109,8898560819.107586,USD,6.637782395331358,11.3095,USD,,1.53096729297147,Energy minerals,Neutral
PCOR,"Procore Technologies, Inc.",58.38,USD,-2.3745819397993224,2759830,0.6713251392890871,8871152491.468895,USD,,-0.259,USD,72.92211186617877,0,Technology services,Buy
NNN,"NNN REIT, Inc.",46.16,USD,0.34782608695651435,1731641,1.2716580093500927,8859553965.878262,USD,22.742277183820267,2.0297,USD,-3.513025289979087,5.26086956521739,Finance,Neutral
PRMB,Primo Brands Corporation,24.38,USD,-1.2955465587044546,3544448,0.5721054280922978,8834191632.399189,USD,89.17337234820776,0.2734,USD,,1.78137651821862,Consumer non-durables,Strong buy
BROS,Dutch Bros Inc.,50.42,USD,-3.0757400999615556,4803251,0.8716753190545146,8808666307.090734,USD,71.07414716661968,0.7094,USD,50.6476959014653,0,Consumer services,Strong buy
BRKR,Bruker Corporation,57.67,USD,-0.051993067590989844,1808446,0.6090475955692746,8786561752.520622,USD,,-0.7034,USD,-234.26226379079975,0.346620450606586,Health technology,Buy
WULF,TeraWulf Inc.,17.6,USD,1.2658227848101407,23971629,0.755467630323634,8781848501.265823,USD,,-4.3992,USD,-1179.5811518324608,0,Technology services,Strong buy
QGEN,Qiagen N.V.,42.6,USD,-0.8149010477299218,3196248,0.9787582157176812,8778784625.23865,USD,21.637545713124744,1.9688,USD,9.469001946066173,0.814901047729918,Health technology,Buy
CNM,"Core & Main, Inc.",45.34,USD,-1.3919095258808036,2355787,1.3200536407132386,8774198041.47586,USD,19.234685219752247,2.3572,USD,9.276343238607408,0,Distribution services,Buy
SNAP,Snap Inc.,5.18,USD,-4.251386321626625,67870985,1.3895036988995448,8760404229.622921,USD,,-0.186,USD,42.927278306228914,0,Technology services,Neutral
PL,Planet Labs PBC,24.38,USD,-1.2555690562981054,4693301,0.9016763226107398,8689093575.052248,USD,,-1.1479,USD,-216.83687551752686,0,Technology services,Buy
LEVI,Levi Strauss & Co,22.57,USD,0.08869179600886729,2504453,1.2311398445278874,8686076889.979158,USD,18.46972176759411,1.222,USD,20.72712902588421,2.57206208425721,Consumer non-durables,Buy
KNTK,Kinetik Holdings Inc.,52.98,USD,-0.860778443113774,840819,0.6934970613643604,8682316316.12425,USD,19.185920185413195,2.7614,USD,281.67242570836214,6.00673652694611,Industrial services,Buy
ESTC,Elastic N.V.,83.44,USD,-3.7378864790032407,3442741,1.4444938845648014,8673724007.777573,USD,23.848176517663198,3.4988,USD,,0,Technology services,Buy
OSCR,"Oscar Health, Inc.",31.55,USD,-3.6935286935286853,5939851,0.8441154976785389,8627946323.044872,USD,23.042652643879638,1.3692,USD,,0,Health services,Neutral
FR,"First Industrial Realty Trust, Inc.",62.9,USD,0.04771751232702583,631304,0.8184522806320647,8619246437.348497,USD,22.90437695725002,2.7462,USD,34.28194220331523,3.00620327660251,Finance,Buy
CBSH,"Commerce Bancshares, Inc.",59.71,USD,-0.9291521486643475,858401,1.0377095272600316,8564335215.56562,USD,14.637674053736026,4.0792,USD,3.34937927539904,1.76096399535424,Finance,Neutral
LNC,Lincoln National Corporation,44.67,USD,-1.7377914650241952,2049800,1.1050967614702176,8551952590.936208,USD,3.8633847644087735,11.5624,USD,101.7413152338911,3.95952485701716,Finance,Neutral
GLXY,Galaxy Digital Inc.,21.87,USD,0.9695290858725801,5746018,0.780026105407288,8548744270.674516,USD,,-0.6017,USD,71.4400987279286,0,Finance,Strong buy
MTCH,"Match Group, Inc.",37.22,USD,-1.9235836627141079,2098056,0.5463911890339872,8543887632.5222645,USD,13.142191306804138,2.8321,USD,39.471092287993685,2.05533596837945,Technology services,Buy
QRVO,"Qorvo, Inc.",96.04,USD,-2.1098766690449424,1331014,1.11175083211294,8472805773.665071,USD,22.28461377822122,4.3097,USD,402.999533146592,0,Electronic technology,Neutral
EMN,Eastman Chemical Company,73.97,USD,-0.1350074254083898,705687,0.7141577681192156,8460497613.194951,USD,19.26954437700263,3.8387,USD,-46.07052542849115,4.52274875118132,Process industries,Buy
SM,SM Energy Company,35.48,USD,5.125925925925916,3682804,0.8380081949412284,8439062224.360296,USD,6.994027085099253,5.0729,USD,-28.25564292583584,2.48888888888889,Energy minerals,Buy
TTAN,"ServiceTitan, Inc.",88.39,USD,-2.223451327433634,701227,0.5819377365535193,8432191868.380641,USD,,-1.4589,USD,59.33493143048278,0,Technology services,Strong buy
IBRX,"ImmunityBio, Inc.",7.92,USD,4.623513870541607,6816455,0.8141143238798308,8393903715.709378,USD,,-0.9692,USD,-96.55242344352058,0,Health technology,Strong buy
ALKS,Alkermes plc,49.85,USD,1.6102731349368102,764040,0.520874415095132,8362998739.013452,USD,129.4805194805195,0.385,USD,-81.51881720430107,0,Health technology,Buy
NCLH,Norwegian Cruise Line Holdings Ltd.,18.18,USD,-4.366123093108899,15650579,1.1961081867878605,8348034953.769595,USD,11.488877654196157,1.5824,USD,13.899085870582311,0,Consumer services,Buy
AOS,A.O. Smith Corporation,61.4,USD,-1.238539488499281,950006,0.6708079498854549,8344785933.418046,USD,17.117845493322925,3.5869,USD,0.04183633625258149,2.31622969277787,Producer manufacturing,Neutral
ZWS,Zurn Elkay Water Solutions Corporation,50.31,USD,-1.2948793407886925,656347,0.8416721904261418,8344622566.001178,USD,30.891563305906914,1.6286,USD,60.9129532654876,0.824014125956445,Producer manufacturing,Buy
KMX,CarMax Inc,58.53,USD,-2.3197596795727646,2461180,1.4108956170101554,8306055670.055907,USD,38.52178491509807,1.5194,USD,-57.98003263364584,0,Retail trade,Neutral
CAVA,"CAVA Group, Inc.",71.02,USD,-4.568664337543678,2822968,0.6058932728042742,8295575986.17307,USD,126.82142857142856,0.56,USD,-52.83018867924528,0,Consumer services,Buy
PATH,"UiPath, Inc.",15.99,USD,-0.1249219237976349,72191361,1.0673333590972902,8284747959.543411,USD,26.381785183963043,0.6061,USD,,0,Technology services,Neutral
VLY,Valley National Bancorp,14.94,USD,-0.46635576282478536,4727918,0.8037139982411822,8255922181.686874,USD,12.612916842549597,1.1845,USD,51.664532650448145,2.93137908061293,Finance,Strong buy
GME,GameStop Corporation,18.4,USD,-1.3933547695605657,5731932,0.5635388884494177,8255918999.999998,USD,14.017979582507998,1.3126,USD,184.60537727666954,0,Retail trade,No rating
SNEX,StoneX Group Inc.,68.41,USD,1.952309985096874,785705,0.6648177905699367,8251390815.352161,USD,17.72693114974994,3.8591,USD,47.982974154459704,0,Finance,Buy
ALGM,"Allegro MicroSystems, Inc.",44.25,USD,-0.3153863482766402,1537992,0.8792850791978134,8248290768.821806,USD,589.214380825566,0.0751,USD,,0,Electronic technology,Strong buy
TWST,Twist Bioscience Corporation,124.41,USD,4.925360546512612,977391,0.5360801027545689,8190211394.863876,USD,,-2.2237,USD,-53.16848050695688,0,Health technology,Strong buy
KRMN,Karman Holdings Inc.,61.78,USD,-0.37090791807772433,2169593,0.7322064665554606,8187932176.291567,USD,220.01424501424503,0.2808,USD,365.6716417910448,0,Electronic technology,Strong buy
ARE,"Alexandria Real Estate Equities, Inc.",46.94,USD,-2.4927295388450412,2276322,1.1102418589960132,8179180296.34732,USD,,-6.0609,USD,-4488.115064345193,7.2289156626506,Finance,Neutral
HESM,Hess Midstream LP,39.66,USD,-2.146558105107339,1322774,1.013531928607271,8177033545.453736,USD,13.677748654986894,2.8996,USD,7.6317743132887905,7.48852701702443,Energy minerals,Sell
OKLO,Oklo Inc.,43.88,USD,-1.1266336187471833,6159437,0.5776268408415791,8162454872.549796,USD,,-0.9398,USD,-132.91201982651796,0,Producer manufacturing,Buy
XP,XP Inc.,15.7,USD,-0.7585335018963401,5867029,1.500879060034303,8117143672.534764,USD,8.61265017280158,1.8229,USD,17.842135884672572,0.00240202275600506,Finance,Strong buy
AVT,"Avnet, Inc.",98.63,USD,3.05088287535263,1236865,0.846079437129539,8090034772.558563,USD,24.716820368885323,3.9904,USD,46.114976199194444,1.46275206352523,Distribution services,Neutral
BVN,Buenaventura Mining Company Inc.,33.96,USD,0.6520450503852959,428733,0.5210064773850526,8056348920.854079,USD,7.675964016093305,4.4242,USD,122.35512891390661,1.24152341434499,Non-energy minerals,Buy
CMC,Commercial Metals Company,72.73,USD,1.535669412257446,859840,0.8185262776312353,8045707666.197543,USD,13.70712401055409,5.306,USD,1609.9581050596196,1.06100795755968,Non-energy minerals,Buy
ACM,AECOM,62.22,USD,-1.4102360957059112,2018335,0.8273925775445211,8007491727.405482,USD,22.717149220489976,2.7389,USD,-44.29846860954627,1.88559657740453,Industrial services,Strong buy
REXR,"Rexford Industrial Realty, Inc.",35.86,USD,-1.0212531051614615,1679227,0.7611535624378388,7996354192.441071,USD,,-1.8052,USD,-234.26552621792487,4.77504830251173,Finance,Neutral
RAL,Ralliant Corporation,71.97,USD,-0.4426615022824836,779544,0.5267748709525093,7962761406.304191,USD,,-10.917,USD,,0.276663438926546,Electronic technology,Buy
FIGR,"Figure Technology Solutions, Inc.",35.755,USD,13.760738148265997,9336299,2.0673699662393528,7884542647.420618,USD,41.01284698325304,0.8718,USD,,0,Finance,Buy
MBLY,Mobileye Global Inc.,9.23,USD,3.475336322869961,4040621,0.9926571854632467,7847231484.880046,USD,,-4.9728,USD,-36.48789592139211,0,Technology services,Buy
JOBY,"Joby Aviation, Inc.",7.91,USD,-0.12626262626262355,18371434,0.5368461279650916,7823973032.228536,USD,,-0.9805,USD,7.325141776937619,0,Electronic technology,Neutral
HXL,Hexcel Corporation,103.1,USD,-0.9320649562794263,692557,0.915233128685988,7796777799.516672,USD,51.96834517868844,1.9839,USD,84.24034175334324,0.672624195253195,Electronic technology,Neutral
QBTS,D-Wave Quantum Inc.,20.87,USD,-1.4170996693434137,10078290,0.6028935761821034,7772821805.298534,USD,,-0.7085,USD,32.81813009671913,0,Electronic technology,Strong buy
AXTA,Axalta Coating Systems Ltd.,36.11,USD,-3.216295899222736,1688958,1.095874678650604,7728262638.43018,USD,22.24755098268745,1.6231,USD,-20.225105671876545,0,Process industries,Buy
NOV,NOV Inc.,21.6,USD,2.1759697256386037,2637097,0.8964538684028972,7699927145.960264,USD,82.91746641074856,0.2605,USD,-78.59842260926717,1.56102175969726,Industrial services,Neutral
TEX,Terex Corporation,67.34,USD,-0.853945818610127,947283,0.8809509195607536,7696961998.017079,USD,34.93463374144014,1.9276,USD,-28.130942172178518,1.00117785630153,Producer manufacturing,Buy
MXL,"MaxLinear, Inc",84.76,USD,-0.09429514380009228,2835417,1.2217331555854531,7687153935.601132,USD,,-1.1897,USD,51.948786299931335,0,Electronic technology,Buy
CIFR,Cipher Digital Inc.,18.5,USD,3.6124334920190395,26941962,0.7046045648967701,7678068330.775693,USD,,-2.757,USD,-522.4881463084218,0,Technology services,Strong buy
ZG,"Zillow Group, Inc.",34.32,USD,-2.389078498293505,1454391,1.004469655180368,7649653962.2184305,USD,152.33022636484688,0.2253,USD,,0,Technology services,Buy
TAP,Molson Coors Beverage Company,40.74,USD,-4.7463175122749615,2739790,1.0260319386281014,7606669505.607202,USD,,-11.5424,USD,-327.2976113113172,4.4423661444938,Consumer non-durables,Neutral
Z,"Zillow Group, Inc.",33.72,USD,-3.0477285796434797,5039359,1.111191300523354,7598036324.28407,USD,149.66711051930758,0.2253,USD,,0,Technology services,Buy
VIST,Vista Energy S.A.B. de C.V.,72.16,USD,5.636070853462149,1629613,2.3090320605183745,7595185694.375,USD,9.643964503367902,7.4824,USD,35.08575555154361,0,Energy minerals,Strong buy
CELH,"Celsius Holdings, Inc.",29.945,USD,2.9391543485733944,17928436,1.0346142413310604,7577134595.41131,USD,129.51989619377164,0.2312,USD,-36.255858836504004,0,Consumer non-durables,Buy
LGN,Legence Corp.,70.04,USD,5.5216572504708195,1382208,1.2683233444195519,7566976785.243239,USD,,-0.5339,USD,-11.275531471446444,0,Industrial services,Strong buy
SBSW,D/B/A Sibanye-Stillwater Limited,10.97,USD,1.8570102135561846,5241388,1.0703760705725265,7558424094.176801,USD,,-0.4045,USD,27.858034599607624,2.3096843082637,Non-energy minerals,Neutral
TXG,"10x Genomics, Inc.",57.99,USD,3.3874130861116036,2256875,0.6365305993285851,7555584825.99269,USD,,-0.5897,USD,16.021076616348623,0,Health technology,Buy
BLDR,"Builders FirstSource, Inc.",70.21,USD,-3.171976279133928,1633131,0.8423163316161877,7554347033.848847,USD,76.35671560630777,0.9195,USD,-86.04047427469675,0,Retail trade,Buy
TGTX,"TG Therapeutics, Inc.",49.28,USD,1.1079195732457923,1062887,0.43248194368852655,7543242847.69799,USD,17.949371699144056,2.7455,USD,633.6985569214324,0,Health technology,Strong buy
UGI,UGI Corporation,35.09,USD,-0.7916313259824541,1324030,0.8123911135261406,7526628080.724061,USD,11.711110369455662,2.9963,USD,57.932742989668995,4.24088210347752,Distribution services,Buy
RIOT,"Riot Platforms, Inc.",20.04,USD,5.390481199053371,17713587,0.668448641701748,7520188948.821456,USD,,-3.7193,USD,-701.7460659624919,0,Technology services,Strong buy
SFM,"Sprouts Farmers Market, Inc.",80.6,USD,-2.30303030303031,1207081,0.805636514256073,7515758757.204847,USD,15.44357156543399,5.219,USD,7.524001813012498,0,Retail trade,Buy
OMF,"OneMain Holdings, Inc.",65.15,USD,-0.8069427527405619,752204,0.8034253379692928,7494951528.865713,USD,9.824915926467707,6.6311,USD,19.86587371884095,6.37941534713764,Finance,Buy
S,"SentinelOne, Inc.",21.82,USD,-5.581999134573774,8595903,1.2798945900511374,7479977065.407182,USD,,-0.954,USD,27.91839818662637,0,Technology services,Buy
ORKA,"Oruka Therapeutics, Inc.",112.66,USD,1.458933717579242,514863,0.6872486786964963,7459184177.012968,USD,,-2.4628,USD,32.27367726322737,0,Health technology,Strong buy
CAG,"ConAgra Brands, Inc.",15.54,USD,-0.5121638924455831,11500734,1.1438520117849418,7436910042.814341,USD,,-4.0002,USD,-266.5292868739853,7.84250960307298,Consumer non-durables,Neutral
GGAL,Grupo Financiero Galicia S.A.,43.42,USD,0.11528706479134025,505215,0.6884433792572664,7393907282.678112,USD,79.99263080324246,0.5428,USD,-94.1542636827708,4.3487318422873,Finance,Buy
BZ,KANZHUN LIMITED - American Depository Shares,15.55,USD,0.25789813023856173,3376686,1.009406800429341,7376815010.0372,USD,15.350444225074039,1.013,USD,78.25092380784794,0.954223081882656,Commercial services,Strong buy
KLAR,Klarna Group plc,19.51,USD,-6.156806156806145,9961305,3.0985383409438727,7365179532.525735,USD,,-0.5312,USD,-199.0990990990991,0,Commercial services,Buy
SSL,Sasol Ltd.,11.71,USD,1.5611448395490157,1485788,1.476020874668146,7325532409.6476,USD,57.74161735700197,0.2028,USD,,0,Process industries,Buy
FLR,Fluor Corporation,54.74,USD,4.525491693717786,2634781,0.7723468179978625,7320985384.827574,USD,,-12.7583,USD,-152.5275023879319,0,Industrial services,Buy
NAVN,"Navan, Inc.",28.72,USD,-1.8287472226969754,2784491,1.325742289530292,7304393621.977781,USD,,-1.4362,USD,-85.00579672806904,0,Technology services,Strong buy
PDI,PIMCO Dynamic Income Fund,15.43,USD,-2.0317460317460334,8585148,3.1000862845483494,7269633000,USD,7.490291262135922,2.06,USD,-4.217231599014275,16.8,Miscellaneous,No rating
GAP,"Gap, Inc. (The)",20.18,USD,-2.0388349514563187,5649445,1.0832681295252697,7264375201.203883,USD,7.9665232324029835,2.5331,USD,10.374727668845326,3.30097087378641,Retail trade,Buy
AAON,"AAON, Inc.",88.09,USD,0.3302961275626495,938794,0.6964196841151279,7263341734.532233,USD,46.0794057645028,1.9117,USD,30.331333515134972,0.455580865603645,Producer manufacturing,Buy
DBX,"Dropbox, Inc.",33.38,USD,-3.0214991284137103,2832448,0.550627401141613,7259983162.066241,USD,18.537235519520188,1.8007,USD,10.168247170388492,0,Technology services,Neutral
ZETA,Zeta Global Holdings Corp.,28.83,USD,-0.7573149741824523,6868301,0.5255397088030065,7236721720.802064,USD,,-0.0138,USD,92.81997918834547,0,Technology services,Strong buy
LW,"Lamb Weston Holdings, Inc.",52.49,USD,-1.0928961748633848,1360550,1.0929146548966642,7216378596.978142,USD,25.15575577494489,2.0866,USD,-16.745800582532027,2.82645562464669,Consumer non-durables,Neutral
NE,Noble Corporation plc A,45.18,USD,0.17738359201773457,833676,0.6931564770340928,7212634890.521507,USD,48.84324324324324,0.925,USD,-52.02530989056584,4.43458980044346,Industrial services,Neutral
NXE,Nexgen Energy Ltd.,10.75,USD,3.464870067372468,14830156,3.182308866327803,7207940784.920083,USD,,-0.38804479999999997,USD,-54.56743839227,0,Non-energy minerals,Strong buy
ETSY,"Etsy, Inc.",78.41,USD,-1.8648310387985094,2773142,0.7186932467441727,7196607432.611764,USD,46.12895634780562,1.6998,USD,35.9404990403071,0,Retail trade,Neutral
GTES,Gates Industrial Corporation Ltd.,28.14,USD,1.368876080691639,1379520,0.729771588242971,7123673948.939482,USD,19.92917847025496,1.412,USD,81.51433346188455,0,Producer manufacturing,Buy
BILI,Bilibili Inc.,17.23,USD,-1.2041284403669772,1519851,0.671861609109816,7117904211.054,USD,39.35587026039287,0.4378,USD,,0,Technology services,Strong buy
FNMA,Fannie Mae,6.13,USD,-1.4469453376205765,2166244,0.7420922211219986,7099077033.334406,USD,159.2207792207792,0.0385,USD,,0,Finance,Neutral
STAG,"Stag Industrial, Inc.",36.8,USD,0.13605442176869975,1283450,0.9316157932122885,7095346703.717006,USD,28.22302323797837,1.3039,USD,3.189300411522634,4.13605986394558,Finance,Neutral
HNGE,"Hinge Health, Inc.",87.87,USD,-0.7006441405808458,1222882,0.596230009801446,7090618452.245113,USD,67.66517788387495,1.2986,USD,,0,Technology services,Strong buy
VNO,Vornado Realty Trust,37.9,USD,-2.820512820512824,1164848,0.7278398518387071,7076708287.189744,USD,1528.225806451613,0.0248,USD,-99.38629052214797,1.8974358974359,Finance,Neutral
ICL,ICL Group Ltd.,5.46,USD,-1.6216216216216193,612985,0.47245853862917075,7047322617.47027,USD,23.116003386960205,0.2362,USD,-16.91874780161801,3.44196396396396,Process industries,Neutral
CLF,Cleveland-Cliffs Inc.,12.31,USD,3.4453781512605053,16362036,1.1657338607665417,7023347655.510084,USD,,-1.6168,USD,52.62541022034692,0,Non-energy minerals,Neutral
CWEN,"Clearway Energy, Inc.",34.15,USD,0.029291154071464588,731585,0.5937311868325967,7010135977.456062,USD,43.19504174045029,0.7906,USD,22.725861533685187,5.34915055653193,Utilities,Strong buy
MAC,Macerich Company (The),24.66,USD,-0.2023472278429814,1821534,0.322606045703329,6992574229.16552,USD,,-0.3213,USD,45.78130273371583,2.75192229866451,Finance,Buy
BIRK,Birkenstock Holding plc,37.86,USD,-3.7865311308767517,3472203,0.9615575590649001,6962683422.940786,USD,17.696550434701315,2.1394,USD,19.15343915343916,0,Consumer non-durables,Buy
LQDA,Liquidia Corporation,77.7,USD,4.379365932294473,1520511,0.8109656266665544,6954840844.227566,USD,56.952283222165214,1.3643,USD,,0,Health technology,Buy
MTDR,Matador Resources Company,55.94,USD,4.19072452970758,2503062,1.1176812889515453,6922810836.746881,USD,9.607061894621143,5.8228,USD,-14.615441014737145,2.67740733842429,Energy minerals,Strong buy
GLBE,Global-E Online Ltd.,41.18,USD,-2.7856468366383376,1284358,0.693930010191012,6916897300.629839,USD,46.97695642254163,0.8766,USD,,0,Retail trade,Strong buy
BTG,B2Gold Corp,5.2,USD,1.1673151750972859,12938268,0.4204948356646751,6871212336.371308,USD,9.766446696236462,0.5324352,USD,,1.55766526019691,Non-energy minerals,Strong buy
PPC,Pilgrim's Pride Corporation,28.77,USD,3.118279569892477,2889502,2.071888270840317,6850382480.282797,USD,12.578698845750262,2.2872,USD,-55.971355971355976,0,Process industries,Neutral
FNB,F.N.B. Corporation,19.4,USD,-0.41067761806982467,3826113,1.0754954117954807,6848218784.537988,USD,11.551744670715731,1.6794,USD,30.448966910051254,2.51540041067762,Finance,Buy
GTLB,GitLab Inc.,40.52,USD,-4.9272641952135015,4202886,0.870535639386727,6843827952.463634,USD,,-0.1495,USD,-249.94984954864594,0,Technology services,Neutral
CGON,"CG Oncology, Inc.",77.11,USD,2.7722244435559085,958375,1.24269021961466,6835059068.312009,USD,,-2.6953,USD,-60.32954613050978,0,Health technology,Strong buy
VIPS,Vipshop Holdings Limited,14.04,USD,-0.9873060648801169,1667150,0.8571949643838487,6813490045,USD,6.654974640944209,2.1097,USD,9.81157609827192,4.23131170662906,Retail trade,Buy
GDS,GDS Holdings Limited,35.38,USD,2.8189479802383204,1868905,0.9146092743745607,6802511349.9070015,USD,17.697078831532615,1.9992,USD,13687.586206896553,0,Technology services,Strong buy
EPRT,"Essential Properties Realty Trust, Inc.",31.14,USD,0.25756600128783597,1299468,1.1079977837793316,6790050601.180297,USD,24.201445558405226,1.2867,USD,8.417593528816976,3.99227301996137,Finance,Strong buy
LUMN,"Lumen Technologies, Inc.",6.58,USD,-2.0833333333333286,8807645,0.5077688332568276,6786910747.666667,USD,,-1.0259,USD,13.542895668295976,0,Communications,Neutral
CPB,The Campbell's Company,22.68,USD,-2.114803625377652,4292541,0.9234571185031244,6763317495.009064,USD,11.153184165232357,2.0335,USD,34.357449620085895,6.73284419507984,Consumer non-durables,Neutral
MOS,Mosaic Company (The),21.23,USD,-1.758445164275794,9230766,1.1997346869792578,6748925060.640907,USD,,-2.0182,USD,-168.4390789786022,4.0721888014808,Process industries,Buy
UGP,Ultrapar Participacoes S.A. (New),6.48,USD,5.194805194805199,5886801,1.820251353453805,6739218423.597,USD,10.708973723351514,0.6051,USD,32.08906352324819,3.46922077922078,Retail trade,Buy
VSXY,Victorias Secret & Co.,84.1,USD,-5.526847899348463,1964596,1.2526756341404348,6685253576.988317,USD,34.438984438984434,2.442,USD,22.596515889351885,0,Retail trade,Buy
KGS,"Kodiak Gas Services, Inc.",66.12,USD,1.1782708492731604,1751014,1.1611433994664753,6684998599.684775,USD,78.90214797136039,0.838,USD,-5.789769533445755,2.938026013772,Industrial services,Strong buy
SSRM,SSR Mining Inc.,32.78,USD,1.83286735010874,1847135,0.552311481865997,6684147126.912085,USD,30.23706300156812,1.0841,USD,41.490472461498314,0,Non-energy minerals,Strong buy
ST,Sensata Technologies Holding plc,45.92,USD,-0.6705602422669158,1723689,1.4244241755174158,6683006540.417911,USD,75.83815028901734,0.6055,USD,-19.949762030671593,1.03828682673589,Electronic technology,Buy
HIMS,"Hims & Hers Health, Inc.",28.61,USD,1.6341030195381916,10349632,0.7912756456872564,6675096685.000356,USD,,-0.623,USD,-177.97246558197747,0,Health services,Neutral
WFRD,Weatherford International plc,93.08,USD,-1.7988078282428637,800814,1.0203951872541517,6672481728.963021,USD,18.390532076739177,5.0613,USD,-22.193697156033817,1.10777021680646,Industrial services,Buy
SGHC,Super Group (SGHC) Limited,13.03,USD,-2.030075187969935,1866962,0.7599090060655974,6620499433.754134,USD,17.910652920962196,0.7275,USD,175.8816837315131,1.35338345864662,Consumer services,Strong buy
LNTH,"Lantheus Holdings, Inc.",100.91,USD,-0.03962357602774269,895660,0.3119068234170892,6586634595.303616,USD,24.387944993595475,4.1377,USD,9.907827980981214,0,Health technology,Neutral
COGT,"Cogent Biosciences, Inc.",37.87,USD,-0.15818613234907006,1595174,0.7612474085812956,6571390994.197468,USD,,-2.445,USD,4.919307797005641,0,Health technology,Strong buy
HR,Healthcare Realty Trust Incorporated,19.15,USD,-0.5194805194805269,2981097,0.7869382635474761,6563083348.290908,USD,,-0.2581,USD,77.63043855087537,4.98701298701299,Finance,Buy
URBN,"Urban Outfitters, Inc.",76.64,USD,-1.503662768281714,1039490,1.201227054551371,6563072789.457396,USD,14.709325758593554,5.2103,USD,9.171101705569301,0,Retail trade,Buy
RIG,Transocean Ltd (Switzerland),5.87,USD,1.9097222222222279,45521158,1.03106754439087,6556086605.848959,USD,,-1.7737,USD,3.916576381365115,0,Industrial services,Neutral
LYFT,"Lyft, Inc.",17.22,USD,-1.4874141876430296,6030257,0.46503843162902675,6518462980.874141,USD,2.4083242426785265,7.1502,USD,3166.423024211969,0,Transportation,Buy
CORZ,"Core Scientific, Inc.",20.13,USD,-0.24777006937562293,11367570,0.8936226020295136,6468582824.5778,USD,,-4.4282,USD,-658.2534246575343,0,Technology services,Strong buy
GBCI,"Glacier Bancorp, Inc.",49.61,USD,-0.6408972561586226,616582,0.6161333932763555,6459815366.6000395,USD,20.299521257007243,2.4439,USD,26.903105203032517,2.64370118165432,Finance,Buy
INGM,Ingram Micro Holding Corporation,27.99,USD,-1.9614711033275036,527501,0.5633805674977769,6456226716.29317,USD,15.236799129014697,1.837,USD,61.537108688005624,1.13485113835377,Technology services,Buy
LKQ,LKQ Corporation,25.45,USD,0.11801730920534059,4258835,1.2068061972678368,6438903221.736821,USD,14.016632703640468,1.8157,USD,-33.29292038649473,4.72069236821401,Consumer durables,Buy
RYN,Rayonier Inc. REIT,21.41,USD,-0.7417709782104782,2684609,0.8084324223858842,6405394258.232731,USD,47.52497225305216,0.4505,USD,-80.78153662386417,0,Finance,Buy
ERAS,"Erasca, Inc.",18.28,USD,-0.5440696409140254,2224690,0.7135036374031789,6393649505.205659,USD,,-0.9548,USD,-110.63313478932275,0,Health technology,Strong buy
SNDR,"Schneider National, Inc.",36.41,USD,0.8587257617728397,603814,0.9151264870081726,6382705515.844598,USD,57.401860318461296,0.6343,USD,-10.937938781241236,1.0803324099723,Transportation,Buy
MTG,MGIC Investment Corporation,31.11,USD,-0.16046213093710113,1637814,1.0253836312532105,6381433971.679717,USD,9.721874999999999,3.2,USD,4.869895785541066,1.92554557124519,Finance,Neutral
HRB,"H&R Block, Inc.",50.13,USD,-7.028931750741838,3168827,0.9070100765476437,6354488635.409309,USD,8.761075866408012,5.7219,USD,27.84368925531202,3.11572700296736,Consumer services,Neutral
MWH,"SOLV Energy, Inc.",31.55,USD,-1.4062499999999978,2210848,1.3555151986324971,6350901001.962501,USD,,,,,0,Industrial services,Strong buy
MGY,Magnolia Oil & Gas Corporation,26.79,USD,2.0960365853658565,2523665,0.6568639355042653,6348388669.442836,USD,11.739187590377284,2.2821,USD,18.921313183949962,2.40091463414634,Energy minerals,Buy
SRRK,Scholar Rock Holding Corporation,52.05,USD,-0.8948971820259062,778851,0.8355845146760573,6338923791.691736,USD,,-3.4516,USD,-14.401246229823336,0,Health technology,Strong buy
TTD,"The Trade Desk, Inc.",13.4,USD,-5.233380480905234,23172506,0.5226069031526586,6296399870.36775,USD,15.903156895323997,0.8426,USD,1.5915119363395211,0,Technology services,Neutral
AXTI,AXT Inc,95.97,USD,17.552670259676628,15320063,1.0946661852060675,6293061077.255879,USD,5159.677419354839,0.0186,USD,,0,Electronic technology,Strong buy
CHDN,"Churchill Downs, Incorporated",89.7,USD,-1.2332085443734755,905632,0.9376270219197773,6252111604.247963,USD,15.391478920365827,5.8279,USD,0.17704895489548914,0.482272627174631,Consumer services,Strong buy
RGTI,"Rigetti Computing, Inc.",18.67,USD,-0.7970244420828829,10477125,0.5059425740154201,6231462233.146122,USD,,-0.8927,USD,-17.367867473047593,0,Electronic technology,Buy
CROX,"Crocs, Inc.",129.97,USD,-1.3285757667780138,1065784,1.1670673570477068,6231421584.238991,USD,11.228703735701696,11.5748,USD,210.80798045165275,0,Consumer non-durables,Buy
HOMB,"Home BancShares, Inc.",31.11,USD,-0.8920038228735302,1809378,1.4103544534934758,6223543606.049378,USD,12.866004962779156,2.418,USD,10.663615560640736,2.64415418923224,Finance,Buy
NTSK,"Netskope, Inc.",15.25,USD,-3.5420619860847595,4224746,0.8941752273130086,6159835864.57938,USD,,-1.8238,USD,-105.80004513653805,0,Technology services,Strong buy
DOX,Amdocs Limited,57.25,USD,-1.6660941257299877,797724,0.6113147062551468,6158439830.633802,USD,13.68700392081859,4.1828,USD,-15.478499838344648,3.76502919958777,Technology services,Buy
CAI,"Caris Life Sciences, Inc.",21.63,USD,-0.7798165137614756,2772193,0.4619546891660487,6112533623.343577,USD,58.09830781627719,0.3723,USD,,0,Health technology,Buy
M,Macy's Inc,23.22,USD,-0.8116189662537432,4775111,1.0718233572017795,6107741481.190944,USD,9.552803719093266,2.4307,USD,22.90539515598927,3.19436138402392,Retail trade,Neutral
DUOL,"Duolingo, Inc.",130.16,USD,-2.0100880825114924,1484853,0.921253676770997,6089667468.944064,USD,15.61027092503088,8.3381,USD,246.51124132485563,0,Technology services,Neutral
PTCT,"PTC Therapeutics, Inc.",72.88,USD,1.645746164574606,985768,1.0256954519990578,6082623414.019526,USD,,-0.5938,USD,-108.51436027587789,0,Health technology,Buy
DFTX,"Definium Therapeutics, Inc.",45.26,USD,6.169364297443105,2278215,0.8333008103579393,6081448698.994604,USD,,-3.4389,USD,-134.9135869936471,0,Health technology,Strong buy
AUB,Atlantic Union Bankshares Corporation,42.54,USD,-0.7929104477612019,744404,0.9488990522915266,6075345811.277518,USD,12.724335965541995,3.3432,USD,62.62282323183188,3.38152985074627,Finance,Buy
AROC,"Archrock, Inc.",34.62,USD,-0.2017872585759593,2534873,1.3669445990310654,6070207569.8483715,USD,18.594908153399935,1.8618,USD,40.92801453334343,2.47910060536178,Industrial services,Strong buy
ASB,Associated Banc-Corp,32.06,USD,-0.8351376430559729,1300018,0.9694074169080209,6054520287.219921,USD,11.204697165624019,2.8613,USD,276.83392598445937,2.93844726260439,Finance,Buy
CZR,"Caesars Entertainment, Inc.",29.66,USD,-0.3025210084033609,2079962,0.3931484911932751,6042346097.931429,USD,,-2.2815,USD,-146.64864864864862,0,Consumer services,Neutral
XENE,Xenon Pharmaceuticals Inc.,62.36,USD,0.016038492381712927,689719,1.09053465083535,6038969142.288372,USD,,-4.7436,USD,-33.878979453601254,0,Health technology,Strong buy
FND,"Floor & Decor Holdings, Inc.",56.62,USD,-3.3293494963291836,1977309,0.837357129475074,6029461919.755848,USD,26.41720711053049,2.1433,USD,9.957931459060124,0,Retail trade,Neutral
STWD,Starwood Property Trust Inc.,16.24,USD,-0.36809815950921637,3809487,0.6445053083005342,6011543390.321471,USD,27.2803628422644,0.5953,USD,-45.25473606768438,11.7791411042945,Finance,Buy
BETA,"Beta Technologies, Inc.",25.6,USD,2.9766693483507725,2069137,0.9735819170238466,5988891262.043443,USD,,-4.5782,USD,,0,Electronic technology,Strong buy
TVTX,"Travere Therapeutics, Inc.",63.53,USD,2.236884454457677,1565541,0.7337102660367032,5988406218.967815,USD,,-0.7637,USD,62.560054907343854,0,Health technology,Strong buy
POR,Portland General Electric Co,50.87,USD,0.21670606776989643,911203,0.8546594968799684,5982705653.225768,USD,22.514826945206693,2.2594,USD,-17.086238532110098,4.18882978723404,Utilities,Neutral
ACMR,"ACM Research, Inc.",85.64,USD,6.490922656055706,1082905,1.3082711980877026,5964756905.494652,USD,40.6802204066122,2.1052,USD,27.72721757068316,0,Producer manufacturing,Strong buy
TXNM,"TXNM Energy, Inc.",57.58,USD,0.31358885017421556,694630,0.895977459388022,5933395290.665505,USD,31.985334962781913,1.8002,USD,-7.316068578489414,2.89198606271777,Utilities,Neutral
YOU,"Clear Secure, Inc.",43.84,USD,-3.5423542354235407,2419977,1.1927418700191772,5931029609.5049515,USD,29.92491467576792,1.465,USD,-21.506643806258037,1.21012101210121,Technology services,Buy
ACI,"Albertsons Companies, Inc.",12.2,USD,-1.7713365539452548,5310028,0.6885731180397425,5920973375.958133,USD,163.10160427807486,0.0748,USD,-95.43958053895867,5.15297906602254,Retail trade,Neutral
RSI,"Rush Street Interactive, Inc.",25.45,USD,-0.5082095387021072,1493629,0.533202624593979,5898631836.098515,USD,85.83473861720067,0.2965,USD,47.07341269841269,0,Consumer services,Strong buy
AMRX,"Amneal Pharmaceuticals, Inc.",18.42,USD,1.4876033057851412,1624276,0.8219677894994556,5882498941.517356,USD,38.43906510851419,0.4792,USD,7387.5,0,Health technology,Strong buy
STEP,StepStone Group Inc.,48.28,USD,-4.206349206349201,1119159,0.5990763330538933,5826269847.925398,USD,,-7.7236,USD,-150.2138136581573,2.6984126984127,Finance,Strong buy
FLG,"Flagstar Bank, N.A.",14,USD,-1.7543859649122806,4446469,1.2732945222782708,5811299682.385964,USD,693.0693069306931,0.0202,USD,,0.280701754385965,Finance,Buy
OZK,Bank OZK,51.11,USD,-2.6290722042293817,1275222,1.542570248818627,5797504595.952181,USD,8.444304926808314,6.0526,USD,-1.8072680077871466,3.54353210135264,Finance,Neutral
OTEX,Open Text Corporation,23.93,USD,-2.4857375713121415,1019946,0.4499903246957971,5794093109.935407,USD,9.540931673373361,2.5081408,USD,48.37103750521127,4.45922196124486,Technology services,Neutral
RITM,Rithm Capital Corp.,10.26,USD,-0.965250965250962,2726379,0.5111066348109904,5729255449.61004,USD,17.080073247877475,0.6007,USD,-53.52777347980814,9.65250965250965,Finance,Strong buy
MDA,MDA Space Ltd.,35.26,USD,0.14200511218403056,537937,0.4122804052746496,5714355564.825215,USD,62.88953700744258,0.5606656,USD,-15.616890119285923,0,Electronic technology,Strong buy
VFC,V.F. Corporation,14.48,USD,-2.6227303295225206,5919192,0.8312848913457834,5692588268.906525,USD,21.089426157879405,0.6866,USD,216.11418047882137,2.42098184263618,Consumer non-durables,Neutral
OBDC,Blue Owl Capital Corporation,11.5,USD,-1.877133105802053,3545749,0.6662093058404275,5671139427.047781,USD,20.203794799718903,0.5692,USD,-62.13411389036722,12.1160409556314,Finance,Strong buy
G,Genpact Limited,33.7,USD,-0.47253396337860776,1567840,0.6876275892061977,5662759671.142942,USD,10.038426022459863,3.3571,USD,11.38354346383544,2.1116361488482,Commercial services,Buy
ZGN,Ermenegildo Zegna N.V.,13.37,USD,-2.8343023255813997,803551,0.9924592703769154,5659433156.37936,USD,31.296816479400746,0.4272,USD,30.243902439024396,0.994186046511628,Consumer non-durables,Buy
BXSL,Blackstone Secured Lending Fund,24.21,USD,-1.90437601296596,1403610,0.7933111841554572,5640205277.377634,USD,19.070500196927924,1.2695,USD,-55.199915305078164,12.4797406807131,Miscellaneous,Buy
MMYT,MakeMyTrip Limited,59.7,USD,-1.19165839126117,488825,0.6544977548983063,5615301829.875869,USD,179.49488875526157,0.3326,USD,-61.51799143815805,0,Technology services,Strong buy
SON,Sonoco Products Company,56.75,USD,-2.6085464218294203,697638,0.8195954407787612,5611156293.826154,USD,8.749479656496199,6.4861,USD,,3.65539728848464,Process industries,Buy
TAL,TAL Education Group,11.68,USD,0.2575107296137284,2689273,0.533773273471845,5610065701,USD,7.213438735177865,1.6192,USD,850.7927187316501,0,Commercial services,Strong buy
RELY,"Remitly Global, Inc.",26.3,USD,0,2204454,0.5653641971605737,5567290393,USD,18.929034115445518,1.3894,USD,2126.6025641025644,0,Commercial services,Strong buy
FBIN,"Fortune Brands Innovations, Inc.",46.55,USD,-2.696488294314394,1780005,0.6435306712183197,5556742189.468018,USD,37.698412698412696,1.2348,USD,-61.18079788739036,2.13210702341137,Producer manufacturing,Neutral
UEC,Uranium Energy Corp.,11.17,USD,-0.3568242640499636,5443488,0.7723393969995992,5527724452.913469,USD,,-0.2188,USD,-21.420643729189788,0,Non-energy minerals,Strong buy
ELF,"e.l.f. Beauty, Inc.",93.66,USD,2.4278215223097104,1665350,0.5207628770414227,5526689015.736221,USD,95.21195486428789,0.9837,USD,-41.65134349605552,0,Consumer non-durables,Buy
MMED,"MiniMed Group, Inc.",19.53,USD,-3.0769230769230647,1516423,1.4484671497428112,5484860452.938462,USD,,,,,0,Health technology,Strong buy
REYN,Reynolds Consumer Products Inc.,25.91,USD,-1.2952380952380946,1402950,1.2194216727897782,5461594424.064381,USD,15.852912383749388,1.6344,USD,10.641754670999187,3.5047619047619,Consumer non-durables,Neutral
VSH,"Vishay Intertechnology, Inc.",35.58,USD,1.4253135689851768,3222710,0.6369890425653705,5457240116.965793,USD,185.8934169278997,0.1914,USD,,1.14025085518814,Electronic technology,Buy
VSNT,"Versant Media Group, Inc.",39.23,USD,-1.0592686002522111,1388221,0.6349205986220026,5444822034.866583,USD,7.378498344869094,5.3168,USD,-37.475892563149735,0,Consumer services,Neutral
CAKE,The Cheesecake Factory Incorporated,109.07,USD,-3.8013759040395154,2287447,1.1920731526190207,5427391953.156642,USD,29.60319183584844,3.6844,USD,13.376619380250496,1.0054683365673,Consumer services,Neutral
GXO,"GXO Logistics, Inc.",47.32,USD,-2.593659942363108,1353342,0.6558732271726926,5426874432.357348,USD,41.72471563354201,1.1341,USD,114.87305797650625,0,Transportation,Strong buy
EQPT,EquipmentShare.com Inc,21.43,USD,3.8778477944740706,2486082,1.014187716282879,5417635624.659719,USD,276.51612903225805,0.0775,USD,,0,Technology services,Buy
WH,"Wyndham Hotels & Resorts, Inc.",72.94,USD,-0.9371180225451551,1119325,0.8439405359796168,5412959491.429037,USD,26.679834668422398,2.7339,USD,-35.90969829101905,2.28167866358821,Consumer services,Buy
EBC,"Eastern Bankshares, Inc.",23.65,USD,0.1058201058200998,2179842,1.2592382362015757,5404298178.772487,USD,13.40702947845805,1.764,USD,,2.28571428571429,Finance,Buy
OII,"Oceaneering International, Inc.",54.11,USD,3.6590038314176176,2032629,2.889738829682423,5385549323.146168,USD,15.580638659333697,3.4729,USD,75.17780580075663,0,Producer manufacturing,Neutral
SHC,Sotera Health Company,18.8,USD,-0.47644256220222264,7823970,2.6868089742236365,5365045810.058232,USD,33.06366514245516,0.5686,USD,579.3309438470728,0,Health technology,Buy
RNG,"RingCentral, Inc.",64.07,USD,-0.6512637618235413,1198397,0.6467583960610674,5350239729.41836,USD,51.027397260273965,1.2556,USD,,0.232594200651264,Technology services,Neutral
PRM,"Perimeter Solutions, SA",32.59,USD,-3.864306784660753,1086821,0.6935579614486734,5334556967.946017,USD,,-2.2296,USD,-624.8587570621469,0,Process industries,Strong buy
GLNG,Golar LNG Limited,52.47,USD,-0.03810249571347519,1445442,1.2528500122776427,5330388847.656886,USD,,,,,1.90512478567346,Industrial services,Strong buy
GTX,Garrett Motion Inc.,28.58,USD,-1.4482758620689713,1982774,0.9303645736849208,5329981606.553103,USD,15.637139574328389,1.8277,USD,27.793315620192992,1.03448275862069,Producer manufacturing,Buy
BGC,"BGC Group, Inc.",11.16,USD,-0.35714285714284955,3288433,1.1675010229377707,5306206081.210715,USD,27.9839518555667,0.3988,USD,31.791143423661605,0.714285714285714,Finance,Strong buy
KRG,Kite Realty Group Trust,26.48,USD,0.11342155009452226,2493789,0.7955808539486976,5305187100.346313,USD,16.92553531479706,1.5645,USD,394.7817836812144,4.31001890359168,Finance,Buy
IRDM,Iridium Communications Inc,50.05,USD,-0.29880478087650536,1275590,1.236457360982272,5303317127.674302,USD,57.03053783044667,0.8776,USD,-12.336429927080216,1.13545816733068,Communications,Neutral
CRSP,CRISPR Therapeutics AG,54.28,USD,1.363211951447253,958153,0.7859710976162957,5248477372.950888,USD,,-4.7611,USD,12.198945155460484,0,Health technology,Buy
OUT,OUTFRONT Media Inc.,29.78,USD,-1.5211640211640123,1187014,0.5059827383914671,5245307821.813493,USD,21.738813052047597,1.3699,USD,126.13073621657311,3.96825396825397,Finance,Strong buy
PEGA,Pegasystems Inc.,31.88,USD,-1.3613861386138653,1675006,1.0676798901906321,5241229366.071782,USD,18.01028190497712,1.7701,USD,53.10959259579623,0.371287128712871,Technology services,Buy
EXLS,"ExlService Holdings, Inc.",34.56,USD,-0.7324429125376863,2428009,1.1582978999488118,5239727899.24343,USD,21.77693761814745,1.587,USD,9.849795805357504,0,Technology services,Strong buy
CNX,CNX Resources Corporation,35.34,USD,-1.0638297872340299,1206888,0.8662629951507739,5228328205.148936,USD,5.909303725503311,5.9804,USD,911.5696887686065,0,Energy minerals,Neutral
LAUR,"Laureate Education, Inc.",37.71,USD,0.23923444976077465,828320,0.868786876401138,5194528184.968901,USD,16.927773039457737,2.2277,USD,31.404471185040993,0,Commercial services,Buy
SBRA,"Sabra Health Care REIT, Inc.",20.31,USD,-0.04921259842520455,1486230,0.5186021111376575,5188448441.505413,USD,78.08535178777393,0.2601,USD,-65.78981980797055,5.90551181102362,Finance,Buy
BEPC,Brookfield Renewable Corporation,35.1,USD,-1.1267605633802777,1682030,0.8007278591151602,5182933076.594367,USD,,-29.5942,USD,-301.98041319732147,4.30985915492958,Utilities,Neutral
ONDS,Ondas Inc,9,USD,-2.5974025974025996,69737342,0.8186683127120917,5134970636.688313,USD,100.67114093959732,0.0894,USD,,0,Electronic technology,Strong buy
SLM,SLM Corporation,27.28,USD,-2.6757046022119155,2231955,1.0456121421253302,5127193206.221906,USD,7.63675046190023,3.5722,USD,80.38681007928092,1.85515519086693,Finance,Buy
BB,BlackBerry Limited,8.73,USD,-1.9101123595505607,10467734,1.0056621331300695,5116657113.145868,USD,89.7890420342309,0.09722790000000002,USD,,0,Technology services,Neutral
ENPH,"Enphase Energy, Inc.",38.65,USD,-4.5207509881422885,3665985,0.9022725103514413,5107390203.092885,USD,38.30145674363293,1.0091,USD,-20.50575074838506,0,Producer manufacturing,Neutral
PAGP,"Plains GP Holdings, L.P.",25.79,USD,-0.19349845201238666,1618942,0.9962975665283226,5103947517.490712,USD,9.429616087751372,2.735,USD,297.8760546988653,7.78831269349845,Industrial services,Neutral
OTF,Blue Owl Technology Finance Corp.,11.13,USD,-2.879581151832461,3024457,0.823045996529796,5099603115.460732,USD,13.77645748236168,0.8079,USD,-55.3646408839779,12.216404886562,Finance,Buy
EPAM,"EPAM Systems, Inc.",98.73,USD,-1.7611940298507422,1215231,0.64348066716102,5093182428.319701,USD,13.372793888580368,7.3829,USD,5.272989120360476,0,Technology services,Buy
NIQ,NIQ Global Intelligence plc,17.25,USD,-1.146131805157589,1595161,0.6318038305707214,5087989007.106018,USD,,-1.1911,USD,22.03822489854693,0,Technology services,Strong buy
LPX,Louisiana-Pacific Corporation,72.29,USD,-2.1653809717147032,1332359,0.9577274392323224,5054763159.310868,USD,93.71273010111487,0.7714,USD,-81.80231186600614,1.56990120449317,Non-energy minerals,Buy
SEI,"Solaris Energy Infrastructure, Inc.",65.97,USD,4.218009478672989,1720005,0.6245200831277385,5051094275.910427,USD,83.81400076229195,0.7871,USD,33.15851801725598,0.758293838862559,Industrial services,Strong buy
CMBT,CMB.TECH NV,17.37,USD,0.7540603248260009,668084,0.6599077430634439,5040248931.048388,USD,10.319270304043421,1.6832585530000002,USD,-21.762582476001178,3.62454301075269,Transportation,Strong buy
GNTX,Gentex Corporation,23.81,USD,-0.25136154168413183,2214601,1.0882612069453108,5016370367.493925,USD,12.63599214562437,1.8843,USD,6.795511221945144,2.01089233347298,Producer manufacturing,Buy
ACAD,ACADIA Pharmaceuticals Inc.,29.01,USD,2.7266288951841475,1122499,0.5284155043319754,4998582847.770893,USD,13.065213475049541,2.2204,USD,66.84700931770365,0,Health technology,Buy
AMTM,"Amentum Holdings, Inc.",20.43,USD,-4.843968327899391,4125448,1.6260554318661378,4995265770.079646,USD,24.475859590271952,0.8347,USD,290.41159962581855,0,Electronic technology,Buy
KVYO,"Klaviyo, Inc. Series A",17.54,USD,-5.137912385073009,4387399,0.4711652827333306,4994119082.642509,USD,827.3584905660377,0.0212,USD,,0,Technology services,Strong buy
MUR,Murphy Oil Corporation,34.82,USD,0.7231703789412786,2427200,1.1914136732880805,4992530511.37518,USD,17.260694988350764,2.0173,USD,4.686040477426054,3.9051200462829,Energy minerals,Neutral
CAR,"Avis Budget Group, Inc.",141.3,USD,2.502720348204583,293143,0.8396541624955066,4991529014.676823,USD,,-18.1455,USD,71.29780338153019,0,Finance,Sell
TREX,"Trex Company, Inc.",48.75,USD,-1.773121096111228,1282989,0.5305076124773648,4965928051.103164,USD,28.805246986528008,1.6924,USD,-2.511520737327194,0,Non-energy minerals,Buy
VRNS,"Varonis Systems, Inc.",43.17,USD,-4.045343409646589,964732,0.649800610712835,4958527161.294731,USD,,-1.2221,USD,-33.387906570617766,0,Technology services,Buy
CE,Celanese Corporation,44.99,USD,-1.467367498904938,1174914,0.5032864009042856,4937604428.8845825,USD,,-10.6783,USD,27.921889449135666,0.26281208935611,Process industries,Buy
GBTG,"Global Business Travel Group, Inc.",9.44,USD,-0.21141649048627217,862273,0.6113429902506776,4931205039.6955595,USD,58.779576587795766,0.1606,USD,,0,Consumer services,Neutral
ACHR,Archer Aviation Inc.,6.39,USD,-3.4743202416918493,30278440,0.5816781577491121,4920452020.223565,USD,,-1.0815,USD,15.368964707723617,0,Electronic technology,Buy
ALK,"Alaska Air Group, Inc.",44.04,USD,-4.177545691906008,3114181,1.421154058795029,4915001257.999999,USD,,-1.5712,USD,-163.86472644500446,0,Transportation,Strong buy
RDN,Radian Group Inc.,37.05,USD,-0.5636070853462181,718457,0.6616555880688207,4901763511.038647,USD,9.519282649469437,3.8921,USD,-2.0066468603655743,2.73752012882448,Finance,Buy
PSN,Parsons Corporation,45.76,USD,-4.4676409185803765,1105740,0.7736403397317565,4887414774.413362,USD,31.650297413196846,1.4458,USD,-59.52860821856455,0,Technology services,Buy
DYN,"Dyne Therapeutics, Inc.",26.15,USD,1.7509727626459117,1317586,0.6532323271534896,4883419673.605059,USD,,-3.3318,USD,13.706293706293716,0,Health technology,Strong buy
LBRDK,Liberty Broadband Corporation,33.96,USD,-6.523534269199002,1364180,0.8443877934719236,4871524621.565648,USD,,-36.6392,USD,-583.3412484829297,0,Communications,Neutral
BIPC,Brookfield Infrastructure Corporation,39.5,USD,-2.3244312561819926,642543,0.5501295436268054,4858131270.82097,USD,,-2.5793,USD,70.10096560677896,4.37685459940653,Utilities,Strong sell
ADT,ADT Inc.,7.18,USD,-4.138851802403211,7809445,0.9562353602788262,4852349816.328438,USD,9.941844364441984,0.7222,USD,8.194756554307112,2.93724966622163,Commercial services,Buy
BILL,"BILL Holdings, Inc.",48.5,USD,-2.5713137806347954,2222716,0.9304749687415909,4830441066.532743,USD,,-0.0013,USD,93.8388625592417,0,Technology services,Buy
CUZ,Cousins Properties Incorporated,29.18,USD,-1.7508417508417493,1476848,0.9038667260982973,4803088410.459932,USD,746.2915601023017,0.0391,USD,-89.40953412784398,4.30976430976431,Finance,Strong buy
LFST,"LifeStance Health Group, Inc.",12.55,USD,1.0466988727858357,3451349,0.5967342176647626,4794797847.701288,USD,96.53846153846155,0.13,USD,,0,Health services,Strong buy
USAR,"USA Rare Earth, Inc.",19.29,USD,-3.5500000000000047,12043852,0.9048932780442055,4794402697.184999,USD,,-2.3959,USD,-189.8499879022502,0,Producer manufacturing,Strong buy
EWTX,"Edgewise Therapeutics, Inc.",44.04,USD,-0.29431741000679773,798408,0.5198230015206493,4782925846.215078,USD,,-1.8492,USD,-18.881388621022168,0,Health technology,Strong buy
AEHR,Aehr Test Systems,145.61,USD,8.615545278233636,2508367,0.9634513583175899,4749863501.838132,USD,,-0.2391,USD,-82.24085365853657,0,Electronic technology,Strong buy
KBR,"KBR, Inc.",37.55,USD,-2.137086265311442,1246944,0.9771963690234745,4733844130.424811,USD,11.324567223596116,3.3158,USD,13.13634502524907,1.72009382329945,Technology services,Buy
WAY,Waystar Holding Corp.,24.68,USD,-0.40355125100888384,1373051,0.4458739374476714,4732351342.634381,USD,35.14167734586359,0.7023,USD,47.41813602015114,0,Technology services,Strong buy
ALM,Almonty Industries Inc.,16.36,USD,8.416169648774021,11219414,1.5945338570973189,4719545009.829026,USD,66.72104404567699,0.2452,USD,,0,Non-energy minerals,Strong buy
ATAT,Atour Lifestyle Holdings Limited,35.29,USD,3.217315004387252,1666506,2.4047160836327377,4699767309,USD,18.972098274286328,1.8601,USD,48.156113102349664,2.45685873062299,Consumer services,Strong buy
ANF,Abercrombie & Fitch Company,105.16,USD,-2.7466937945066117,843396,0.8162510015671823,4672438429.77416,USD,10.095230781046002,10.4168,USD,2.600267906390367,0,Retail trade,Buy
FULT,Fulton Financial Corporation,24.47,USD,-0.6899350649350718,1519520,0.9957821203660944,4671679315.575081,USD,11.719348659003831,2.088,USD,22.355698798710826,3.04383116883117,Finance,Neutral
LUNR,"Intuitive Machines, Inc.",20.38,USD,7.206733298264058,20283941,1.600212704892749,4668698195.977906,USD,,-0.9433,USD,64.21471927162368,0,Electronic technology,Strong buy
CENX,Century Aluminum Company,47.12,USD,0.8561643835616408,1496261,0.6175947987115984,4664564123.535958,USD,8.153236551139411,5.7793,USD,419.861473419088,0,Non-energy minerals,Strong buy
PTEN,"Patterson-UTI Energy, Inc.",12.215,USD,7.431838170624457,9854420,1.3085381195406316,4658616355.8254175,USD,,-0.2355,USD,91.45469719510866,3.16622691292876,Energy minerals,Buy
TKC,Turkcell Iletisim Hizmetleri AS,5.42,USD,-0.7326007326007333,2070734,1.2437740242597721,4656585106.80339,USD,10.441148141013292,0.5191,USD,2.426992896606152,2.8802380952381,Communications,Strong buy
MRP,"Millrose Properties, Inc.",30.16,USD,-0.560501153972958,1232004,1.1129898776970835,4651519594.445104,USD,10.518606354410071,2.8673,USD,890.4317789291885,9.92416749093307,Finance,Strong buy
FSLY,"Fastly, Inc.",29.04,USD,-2.9736050785165404,6137439,0.7331079674332706,4626072135.836953,USD,,-0.5348,USD,48.423184492236466,0,Technology services,Buy
INDV,"Indivior Pharmaceuticals, Inc.",39.08,USD,0.17944116893104406,2018200,0.6180478232800932,4611973204.073828,USD,13.880798465582155,2.8154,USD,297.206546275395,0,Health technology,Strong buy
FLY,Firefly Aerospace Inc.,27.18,USD,1.9122609673790698,2433306,0.6909243661019536,4550058340.62992,USD,,-2.3815,USD,-13.420964899747586,0,Electronic technology,Buy
OLLI,"Ollie's Bargain Outlet Holdings, Inc.",74.93,USD,-2.0394822852660326,1735068,1.4490223032121101,4529765106.7869005,USD,18.50946099501013,4.0482,USD,24.491051110154373,0,Retail trade,Strong buy
RLAY,"Relay Therapeutics, Inc.",20.67,USD,4.07854984894261,1835259,0.9413142369765499,4529657674.44562,USD,,-1.5668,USD,19.60180623973728,0,Health technology,Strong buy
CELC,Celcuity Inc.,92.44,USD,0.47826086956521496,900979,1.110743457278837,4523265543.366957,USD,,-4.2995,USD,-24.72441401717336,0,Health technology,Strong buy
FBP,First BanCorp. New,29.54,USD,-0.5387205387205392,894044,0.8090568643965262,4509820476.985186,USD,12.451001053740779,2.3725,USD,26.27741111347669,2.55892255892256,Finance,Buy
AQN,Algonquin Power & Utilities Corp.,5.83,USD,-1.0186757215619628,2165127,0.5644759393404112,4488527859.356181,USD,33.43257973354865,0.1743808,USD,,4.43731946144431,Utilities,Buy
BOX,"Box, Inc.",32.29,USD,-1.1026033690658483,2678936,0.8970033112233532,4473219107.791731,USD,49.486590038314176,0.6525,USD,-49.39506747324337,0,Technology services,Neutral
PRIM,Primoris Services Corporation,83.05,USD,-0.3001200480192077,1074915,0.8149497716216448,4470775070.307923,USD,32.68269647003266,2.5411,USD,-42.291009015965294,0.384153661464586,Industrial services,Buy
HP,"Helmerich & Payne, Inc.",44.72,USD,1.176470588235285,1055228,0.6281345250825997,4469269561.717647,USD,,-1.4035,USD,-323.89006342494713,2.26244343891403,Industrial services,Neutral
NVST,Envista Holdings Corporation,27.64,USD,-1.5318845742785883,2835808,0.7725537632753529,4439473354.039187,USD,48.01945795691452,0.5756,USD,83.66305041480535,0,Health technology,Buy
SLGN,Silgan Holdings Inc.,41.67,USD,-1.9067796610169379,770593,0.8178178943067429,4403769813.029662,USD,16.377141958811507,2.5444,USD,-9.667341214896865,1.93032015065913,Process industries,Strong buy
VNT,Vontier Corporation,32.33,USD,-1.5529841656516596,1118924,0.5621121338663262,4371015921.242387,USD,13.428868120456904,2.4075,USD,-8.271736645584085,0.304506699147381,Transportation,Buy
DOCS,"Doximity, Inc.",24.52,USD,-1.1290322580645207,3453287,0.27040498006208946,4370591203.185484,USD,29.07624807304636,0.8433,USD,-27.607519958794747,0,Technology services,Buy
ELVN,"Enliven Therapeutics, Inc.",59.535,USD,1.2155729343760562,529479,0.397404094032465,4362174648.82625,USD,,-1.6685,USD,16.625024985008984,0,Health technology,Strong buy
CNK,"Cinemark Holdings, Inc.",37.52,USD,0.374531835205994,1628143,0.6317795134149584,4349012735.460674,USD,20.865309754198645,1.7982,USD,-1.317089232795523,0.936329588014981,Consumer services,Buy
RHI,Robert Half Inc.,42.47,USD,-1.735307727903748,2019092,1.2800431910891246,4347307114.074503,USD,36.96257615317668,1.149,USD,-34.369109499057515,5.46043498380379,Commercial services,Neutral
BULL,Webull Corporation,8.16,USD,1.4925373134328483,11720120,1.4065045175574489,4339640250.985074,USD,,-1.1658,USD,-189.30595985904702,0,Technology services,Strong buy
MDU,"MDU Resources Group, Inc.",20.57,USD,-0.3874092009685148,962933,0.5446200408555666,4326888245.769491,USD,21.632137974550428,0.9509,USD,-9.593078532040321,2.71186440677966,Utilities,Buy
VVV,Valvoline Inc.,33.8,USD,-1.1406844106463896,1990843,0.7289812831104346,4312420759.923954,USD,42.833607907742994,0.7891,USD,-63.29255244917896,0,Consumer services,Buy
OPLN,"OPENLANE, Inc.",35.09,USD,-1.1549295774647792,2201743,1.3313565440093391,4308962690.513521,USD,,-0.8472,USD,-214.34741530570926,0,Technology services,Buy
BWIN,"The Baldwin Insurance Group, Inc.",30.77,USD,-2.34846080609331,1120790,0.9083892456711519,4292363695.834337,USD,,-1.0437,USD,-263.0260869565218,0,Finance,Buy
CGAU,Centerra Gold Inc.,21.92,USD,1.9060901906090197,1188806,0.7223345091868723,4287717242.9076304,USD,7.181558177960061,3.0522624,USD,776.8864473652648,0.937081659973226,Non-energy minerals,Buy
SLG,SL Green Realty Corp,56.11,USD,0.03565697985379929,1073532,1.2672612720917134,4286630459.1426277,USD,,-2.7211,USD,-384.1814946619216,4.49723658406133,Finance,Buy
WSC,WillScot Holdings Corporation,23.58,USD,-0.7575757575757713,2056743,0.5906345813323457,4272482606.954545,USD,,-0.3819,USD,-163.8095238095238,1.17845117845118,Finance,Buy
TNGX,"Tango Therapeutics, Inc.",25.29,USD,-1.2109375000000089,2228762,1.0554850402997766,4264156240.5058584,USD,,-0.8376,USD,36.94670280036134,0,Health technology,Strong buy
LAZ,"Lazard, Inc.",43.75,USD,-1.9937275985663094,1174152,0.7794621968946768,4263462342.629928,USD,21.445027204548797,2.0401,USD,-29.57401270367302,4.48028673835125,Finance,Neutral
CLMT,"Calumet, Inc",48.35,USD,1.3202011735121597,923210,0.6109750903283002,4249879602.2684407,USD,,-1.5616,USD,70.12606890746656,0,Energy minerals,Buy
KRC,Kilroy Realty Corporation,36.03,USD,-0.7711374277058692,1388842,1.2925724932734841,4231455051.19664,USD,25.366094058011825,1.4204,USD,-22.909090909090903,5.9487744423024,Finance,Neutral
MIAX,"Miami International Holdings, Inc.",42.41,USD,-2.55055147058825,843584,0.6178379859798798,4208382343.290211,USD,54.62390520350335,0.7764,USD,5217.808219178082,0,Finance,Buy
CRGY,Crescent Energy Company,12.69,USD,4.016393442622953,4110373,0.6585608757763605,4192822716.8827868,USD,,-0.0426,USD,75.98647125140926,3.9344262295082,Energy minerals,Strong buy
MAT,"Mattel, Inc.",14.58,USD,-2.9940119760479,4567651,1.1151061555731006,4165506103.796407,USD,10.737958462218295,1.3578,USD,-12.456479690522247,0,Consumer durables,Buy
COLD,"Americold Realty Trust, Inc.",14.5,USD,-2.55376344086022,2622375,0.7187114376489822,4139468156.25,USD,,-1.5909,USD,-727.7315296566077,6.18279569892473,Finance,Neutral
ARX,Accelerant Holdings,19.54,USD,-0.20429009193053704,5523087,0.5461206991979073,4131519359.340143,USD,,-6.6546,USD,,0,Finance,Neutral
DK,"Delek US Holdings, Inc.",67.21,USD,2.6577058194592866,2075263,1.510726106362896,4115414485.5996637,USD,18.895667575697935,3.5569,USD,,1.55796548037269,Energy minerals,Buy
PARR,"Par Pacific Holdings, Inc. Common Stock",82.07,USD,2.178784860557769,906735,0.7312227480446565,4111676491.458416,USD,4.789444198043838,17.1356,USD,,0,Energy minerals,Strong buy
DLO,DLocal Limited,13.91,USD,-1.8348623853210992,2691066,1.2566342919662832,4102503499.5963306,USD,20.711733174508637,0.6716,USD,63.605359317905,1.38790402258292,Technology services,Strong buy
GEO,Geo Group Inc (The) REIT,31.15,USD,-0.2242152466367722,1475114,0.747858754341048,4099949924.383408,USD,14.696862467563104,2.1195,USD,230.0887712194362,0,Commercial services,Strong buy
SRAD,Sportradar Group AG,13.13,USD,-4.992764109985524,2593723,0.6522512792556762,4093374038.7525325,USD,218.10631229235884,0.0602,USD,-84.40818440818441,0,Technology services,Buy
CVBF,CVB Financial Corporation,23.15,USD,-0.4301075268817265,861670,0.7276810664762374,4074340655.3483863,USD,16.013004081067994,1.4457,USD,-1.047227926078035,3.44086021505376,Finance,Buy
WSBC,"WesBanco, Inc.",42.48,USD,-0.4919184820801145,964665,1.2722995165297448,4074082136.449754,USD,12.32662062561662,3.4462,USD,107.17806901526994,3.53712813305224,Finance,Buy
BNL,"Broadstone Net Lease, Inc.",21.22,USD,-0.7947639083684044,1872803,0.6796631593616663,4071968810.205703,USD,28.312208138759168,0.7495,USD,46.18685391066901,5.44647031323048,Finance,Buy
CSTM,Constellium SE,29.92,USD,1.081081081081082,856073,0.6546333998514658,4054990047.513513,USD,7.697255023024877,3.8871,USD,1921.372854914197,0,Non-energy minerals,Strong buy
IRT,"Independence Realty Trust, Inc.",16.67,USD,-2.113916617733408,2382581,0.6793553093098652,4028909297.5801525,USD,91.0928961748634,0.183,USD,51.61557580778789,4.05167351732237,Finance,Buy
TAC,TransAlta Corporation,12.71,USD,-0.6254886630179696,1277566,0.6725415952725848,4016679715.50816,USD,,-0.18149119999999996,USD,56.07201875803646,1.49127743387732,Utilities,Strong buy
UCTT,"Ultra Clean Holdings, Inc.",87.88,USD,3.473448722477321,1195695,0.8485082492704409,3978945158.5145407,USD,,-0.5192,USD,84.67080011809861,0,Producer manufacturing,Strong buy
CRK,"Comstock Resources, Inc.",13.55,USD,-3.6273115220483625,1835806,1.0002408241634901,3978558909.3065434,USD,7.87149994190775,1.7214,USD,,0,Energy minerals,Neutral
ADPT,Adaptive Biotechnologies Corporation,24.77,USD,0.12126111560226815,2668386,1.1320739828059954,3953188931.1689577,USD,,-0.4079,USD,49.895590222331414,0,Health technology,Strong buy
SMR,NuScale Power Corporation,9.19,USD,-2.1299254526091698,23423120,0.7895021179702313,3949157054.5761447,USD,,-2.2784,USD,-91.30142737195632,0,Producer manufacturing,Neutral
LEGN,Legend Biotech Corporation,20.65,USD,1.3745704467353832,1267800,0.5040385101642598,3947084093,USD,,-0.5052,USD,71.60840732831291,0,Health technology,Buy
CCC,CCC Intelligent Solutions Holdings Inc.,6.69,USD,-4.017216642754653,8942481,1.0942531927267916,3940374356.793401,USD,94.89361702127661,0.0705,USD,3257.142857142857,0,Technology services,Buy
MWA,MUELLER WATER PRODUCTS,25.18,USD,-1.4095536413469045,1166709,1.1610650627300692,3931244546.2881756,USD,17.831598328730262,1.4121,USD,49.12873587496039,1.08457321848081,Producer manufacturing,Neutral
WBI,WaterBridge Infrastructure LLC,31.78,USD,0.15757957768673403,624939,1.0718427719016004,3923438245.3293414,USD,425.4350736278447,0.0747,USD,-74.48770491803279,0.315159155373464,Industrial services,Buy
VKTX,"Viking Therapeutics, Inc.",33.63,USD,1.3257005122024852,1526105,0.8999786225554155,3923038170.9671593,USD,,-4.6623,USD,-203.77247849882724,0,Health technology,Strong buy
MIR,"Mirion Technologies, Inc.",15.74,USD,-0.9439899307740739,3726606,0.9792228048342407,3919852639.2309628,USD,178.45804988662132,0.0882,USD,116.70761670761671,0,Electronic technology,Strong buy
FRMI,Fermi Inc.,6.14,USD,-4.062500000000011,21821535,0.9519982872914503,3914706135.803125,USD,,-1.3191,USD,,0,Finance,Strong buy
DNLI,Denali Therapeutics Inc.,24.35,USD,-0.2049180327868736,1003238,0.6801201337356231,3892284423.5204926,USD,,-2.8378,USD,-1.0684521689579118,0,Health technology,Strong buy
PII,Polaris Inc.,68.33,USD,-1.669304935962004,732277,0.9154652604838629,3888217571.945316,USD,,-4.6141,USD,-144.42972930020662,3.8854511440495,Consumer durables,Neutral
TENB,"Tenable Holdings, Inc.",35.29,USD,-7.931124445603964,2958461,1.006645067887936,3886840225.2796764,USD,610.5536332179931,0.0578,USD,,0,Technology services,Buy
HAFN,Hafnia Limited,7.86,USD,1.5503875968992262,1111317,1.1996331529791155,3873058574.9336996,USD,8.437629269230598,0.9315412835999999,USD,-24.501379374042745,9.72933562113933,Transportation,Buy
RXO,"RXO, Inc.",23.45,USD,-0.29761904761904884,1303917,0.6237725274431936,3867517875.520833,USD,,-0.6216,USD,71.37726205276972,0,Technology services,Neutral
LMND,"Lemonade, Inc.",49.95,USD,-5.110182370820664,1224024,1.0465564862657544,3865960828.5353346,USD,,-1.8242,USD,35.36248316915881,0,Finance,Neutral
PLNT,"Planet Fitness, Inc.",50.63,USD,0.5361397934869006,2256049,0.8692306023710447,3824234436.7835584,USD,17.178434499372308,2.9473,USD,31.599392748705128,0,Consumer services,Buy
GPGI,"GPGI, Inc.",13.19,USD,3.2081377151799697,1695060,1.3375832517462758,3823650421.064163,USD,,-1.94,USD,-6.646143697432796,0.0391236306729265,Producer manufacturing,Neutral
GNW,Genworth Financial Inc,10.09,USD,-0.6889763779527587,2182672,0.7980447707141197,3812516973.3405514,USD,19.15337889141989,0.5268,USD,19.05084745762713,0,Finance,Buy
NVTS,Navitas Semiconductor Corporation,14.58,USD,0.8996539792387598,14596725,1.0789940697007967,3806742820.3474054,USD,,-1.3288,USD,-104.24223793421459,0,Electronic technology,Neutral
WK,Workiva Inc.,69.87,USD,-0.9076726705431861,562371,0.6321233459438552,3802080114.780315,USD,85.54113614103821,0.8168,USD,,0,Technology services,Strong buy
BBWI,"Bath & Body Works, Inc.",18.81,USD,-3.091190108191661,5083650,0.9696790396998748,3791377678.952086,USD,5.271417761959476,3.5683,USD,-4.631708360059873,4.1215868109222,Retail trade,Neutral
QS,QuantumScape Corporation,6.12,USD,-1.130856219709213,14993413,0.9951572692128725,3788974779.1793213,USD,,-0.6695,USD,22.6905311778291,0,Producer manufacturing,Sell
RCUS,"Arcus Biosciences, Inc.",29.56,USD,0.2713704206241462,2174609,1.9307901690104754,3763974477.7639074,USD,,-3.9045,USD,-23.178118493280337,0,Health technology,Buy
COCO,"The Vita Coco Company, Inc.",65.5,USD,0.4447170679343755,585373,0.6336330257751376,3759508901.9168844,USD,36.15189314493873,1.8118,USD,67.7903315428783,0,Consumer non-durables,Buy
APLE,"Apple Hospitality REIT, Inc.",15.91,USD,-0.9956440572495342,1766177,0.5280666505212865,3756075727.298693,USD,21.465191581219646,0.7412,USD,-1.9706388043909568,5.9738643434972,Finance,Neutral
MARA,"MARA Holdings, Inc.",9.715,USD,5.597826086956529,55316542,1.5132911075376265,3752897780.810326,USD,,-9.1605,USD,-920.6127385111531,0,Technology services,Buy
BLSH,Bullish,24.96,USD,2.337023370233703,2445465,1.656987274182705,3751542826.036901,USD,,-9.1257,USD,,0,Technology services,Buy
ARIS,Aris Mining Corporation,18.12,USD,1.2856344326439375,905374,0.5025357023460055,3739967843.767929,USD,13.560210928631983,1.3362623999999999,USD,3674.443336562824,0,Non-energy minerals,Strong buy
TDS,"Telephone and Data Systems, Inc.",34.52,USD,-1.9596705481397265,990274,0.642798106178651,3714351850.978699,USD,12.68371546149324,2.7216,USD,,0.454416358988924,Communications,Buy
FIBK,"First Interstate BancSystem, Inc.",38.89,USD,-0.7148327801889229,903528,0.883867429667952,3706396156.112841,USD,12.00197512575996,3.2403,USD,45.92002161577951,4.79959152412561,Finance,Sell
UUUU,Energy Fuels Inc,14.79,USD,-2.0529801324503345,5272188,0.6839624287615353,3696982389.1788077,USD,,-0.3372,USD,30.688591983556012,0,Non-energy minerals,Strong buy
PTRN,Pattern Group Inc. - Series A,20.67,USD,-3.5914179104477593,2561199,1.2720361526205584,3655822093.2187505,USD,,-0.7887,USD,-315.3153153153153,0,Commercial services,Strong buy
HTFL,"Heartflow, Inc.",41.94,USD,-0.33269961977186446,4101954,2.2844589887117945,3646835339.4752846,USD,,-1.3972,USD,,0,Technology services,Strong buy
ERO,Ero Copper Corp.,34.91,USD,3.2840236686390516,994988,0.6209669426913619,3641204852.2872972,USD,12.11592752683204,2.8813312,USD,103.98560173030138,0,Non-energy minerals,Buy
LBRT,Liberty Energy Inc.,22.24,USD,1.0449795547478276,1944953,0.493788398053335,3629377252.3398447,USD,30.209182287421896,0.7362,USD,-43.451878024425845,1.59018627896411,Industrial services,Buy
FMCC,Freddie Mac,5.573,USD,0.23381294964030197,1093298,0.5749940202195468,3622781948.327698,USD,,-0.0037,USD,85.02024291497975,0,Finance,Buy
NESR,National Energy Services Reunited Corp,35.78,USD,-1.4596529881575355,1646255,0.63940973678732,3608476139.727348,USD,39.30140597539543,0.9104,USD,20.168954593453,0,Industrial services,Strong buy
PVH,PVH Corp.,78.18,USD,-5.201891596944334,1100609,1.2099603792336173,3604730784.95744,USD,24.81432108169873,3.1506,USD,-55.59408033826638,0.181884321571481,Consumer non-durables,Buy
OGN,Organon & Co.,13.7,USD,-0.14577259475219642,2317452,0.9331795008250001,3597749344.176385,USD,17.550602100947987,0.7806,USD,-71.00512591932248,0.583090379008746,Health technology,Neutral
RUM,RUM Group Inc.,8.24,USD,10.455764075067027,5433694,1.3501817207402573,3591639557.9624662,USD,,-0.5825,USD,59.37085861756295,0,Technology services,Buy
LION,Lionsgate Studios Corp,11.95,USD,-0.3336113427856624,2834539,0.7994248958047395,3555838256.5304418,USD,,-0.4175,USD,40.16910289481227,0,Consumer services,Buy
PONY,Pony AI Inc.,7.98,USD,-1.9656019656019672,3672586,1.2930321861181977,3544802105.1352,USD,,-0.3668,USD,19.877675840978586,0,Technology services,Strong buy
IDYA,"IDEAYA Biosciences, Inc.",36.54,USD,0.661157024793394,427842,0.671945691763631,3525725769.317355,USD,,-1.943,USD,48.679344955097726,0,Health technology,Strong buy
MNDY,monday.com Ltd.,83.33,USD,-4.787477148080437,1068800,0.5753864451055598,3522701994.571298,USD,35.52457688536471,2.3457,USD,216.47328656233134,0,Technology services,Buy
KC,Kingsoft Cloud Holdings Limited,11.39,USD,-2.7327070879590116,1893587,1.1015717691791065,3521831461.2754,USD,,-0.4771,USD,56.22534177447472,0,Technology services,Strong buy
LBTYA,Liberty Global Ltd.,10.37,USD,-0.9551098376313412,1845727,0.7555475359428364,3517829976.542502,USD,,-9.092,USD,-64.68329439040737,0,Communications,Buy
LBTYK,Liberty Global Ltd.,10.1,USD,-1.1741682974559784,993304,0.6701208142073408,3510049560.8610563,USD,,-9.092,USD,-64.68329439040737,0,Communications,Buy
FOUR,"Shift4 Payments, Inc.",44.35,USD,-2.248181617809116,1001804,0.43856358522767197,3501880952.1071196,USD,71.34813384813384,0.6216,USD,-76.96668766443102,0,Commercial services,Buy
OPCH,"Option Care Health, Inc.",23.37,USD,-2.4013363959072844,2521952,1.0817827449794482,3500481196.6093125,USD,17.683111380145277,1.3216,USD,5.306772908366551,0,Health services,Buy
WT,"WisdomTree, Inc.",23.09,USD,1.2275317843051343,1360843,0.474623445210905,3498414664.3388867,USD,44.31861804222648,0.521,USD,34.59054507879101,0.526085050416484,Miscellaneous,Buy
FRPT,"Freshpet, Inc.",72.65,USD,-0.15118196811434775,1213966,0.6319001827929178,3491419247.6003304,USD,19.145123461670224,3.7947,USD,473.73752645902636,0,Consumer non-durables,Buy
HGV,Hilton Grand Vacations Inc.,44.92,USD,-2.198998475941646,1017987,0.8879789750411046,3491368913.355976,USD,25.398620377699878,1.7686,USD,205.51045085507,0,Finance,Buy
FA,First Advantage Corporation,20.3,USD,-5.93141797961074,2600067,0.7385012985216579,3486599948.2020392,USD,140.38727524204702,0.1446,USD,,0,Technology services,Buy
ZIM,ZIM Integrated Shipping Services Ltd.,28.81,USD,2.3809523809523743,3485032,1.5695658526136702,3472171357.0952377,USD,35.471558729376994,0.8122,USD,-95.84071612196196,7.07178393745558,Transportation,Neutral
OUST,"Ouster, Inc.",48.13,USD,-1.190720591254359,3657985,1.1894181539575774,3470766628.3650174,USD,,-0.8703,USD,51.909156213737084,0,Electronic technology,Strong buy
POWI,"Power Integrations, Inc.",62.1,USD,-1.035856573705177,529345,0.8644043938644753,3469731845.880478,USD,138.9883616830797,0.4468,USD,-24.12973340125658,1.35458167330677,Electronic technology,Buy
MGNI,"Magnite, Inc.",24.19,USD,-2.183582693085318,2726463,0.7382107310627289,3469430458.962394,USD,22.152014652014653,1.092,USD,288.4738527214514,0,Technology services,Strong buy
SFNC,Simmons First National Corporation,23.94,USD,-0.5607476635513936,860897,0.6649149737690168,3459659971.259814,USD,,-2.545,USD,-300.5832282471627,3.55140186915888,Finance,Buy
CURB,Curbline Properties Corp.,29.99,USD,-0.8267195767195769,937841,0.8325769625070887,3449990340.989749,USD,110.33848417954378,0.2718,USD,71.48264984227129,2.18253968253968,Finance,Buy
AMBA,"Ambarella, Inc.",78.54,USD,-4.266211604095563,1473403,1.2021190997848201,3445407142.295222,USD,,-1.6179,USD,34.98493068113322,0,Electronic technology,Buy
ABCL,AbCellera Biologics Inc.,11.2,USD,-1.5817223198594152,7849060,0.5646651995843135,3434048618.910369,USD,,-0.5447,USD,2.4883637665592593,0,Health technology,Strong buy
SBLK,Star Bulk Carriers Corp.,30.09,USD,3.5800344234079144,2027205,1.4688649155538804,3425669458.2061963,USD,11.771379391283936,2.5562,USD,141.81250591240186,3.54561101549053,Transportation,Strong buy
XNDU,Xanadu Quantum Technologies Limited,11.25,USD,-2.428447528187332,778755,0.808723208976474,3424424559.6270595,USD,,-0.3436,USD,,0,Electronic technology,Strong buy
AAP,Advance Auto Parts Inc.,56.72,USD,0.3006189213085795,1663147,1.358569228749685,3420215910.7324495,USD,78.34254143646409,0.724,USD,,1.7683465959328,Retail trade,Neutral
BFAM,Bright Horizons Family Solutions Inc.,70.29,USD,-1.4303744215397505,685892,1.0087197404446624,3418575366.12621,USD,22.23382045929019,3.1614,USD,4.01737242128122,0,Commercial services,Buy
SHOO,"Steven Madden, Ltd.",46.6,USD,-1.145523971149765,973448,0.9737903846992603,3410052513.020789,USD,23.363080316855513,1.9946,USD,56.90685966016361,1.78192617734408,Consumer non-durables,Buy
GBDC,"Golub Capital BDC, Inc.",13.12,USD,-1.0558069381598836,1285229,0.9305556983521022,3406628799.058823,USD,20.193935662613512,0.6497,USD,-54.08480565371024,10.8597285067873,Finance,Strong buy
NG,Novagold Resources Inc.,7.75,USD,-2.392947103274564,3424207,0.6835652793226438,3400549981.8639793,USD,,-0.1722,USD,30.226904376012964,0,Non-energy minerals,Strong buy
KBH,KB Home,55.44,USD,-1.1059579022476,879276,1.0437288381852083,3399011332.503746,USD,13.45957756737072,4.119,USD,-45.47981469225679,1.78380306814128,Consumer durables,Neutral
VCYT,"Veracyte, Inc.",42.08,USD,2.012121212121208,1574392,1.2801356638468957,3382841994.3990297,USD,29.856676599971617,1.4094,USD,323.6248872858431,0,Health technology,Buy
HIW,"Highwoods Properties, Inc.",30.66,USD,-2.6975563313233937,822991,0.8012229736406442,3381988526.941923,USD,20.51384985949418,1.4946,USD,27.63450042698547,6.34719136781974,Finance,Neutral
DAN,Dana Incorporated,31.35,USD,3.2948929159802307,2078437,1.241302630273688,3372529055.3822074,USD,,-0.8033,USD,-386.25907990314766,1.4497528830313,Producer manufacturing,Buy
RDW,Redwire Corporation,13.41,USD,-1.2518409425625916,17017600,0.8151068669592282,3352400944.734168,USD,,-1.4611,USD,55.05967027559054,0,Electronic technology,Buy
FHB,"First Hawaiian, Inc.",27.52,USD,-0.5061460592913976,1621434,1.020975525625451,3348651016.3991323,USD,11.947555787097334,2.3034,USD,18.97112752440473,3.75994215473608,Finance,Neutral
KN,Knowles Corporation,38.99,USD,1.2464294988314826,606986,0.853727626756863,3330148688.4365106,USD,50.29669762641899,0.7752,USD,178.9492623245772,0,Electronic technology,Buy
QURE,uniQure N.V.,47.97,USD,-1.3368983957219223,838631,0.7523970442457883,3327506946.986631,USD,,-4.048,USD,-3.2468691815237065,0,Health technology,Strong buy
VECO,Veeco Instruments Inc.,54.4,USD,3.816793893129771,743452,0.8817408906786558,3325452648.5496187,USD,149.36847885777044,0.3642,USD,-64.07575458670348,0,Electronic technology,Buy
CXW,"CoreCivic, Inc.",33.58,USD,2.315661182205966,1773464,0.9943667851987897,3320843485.4655695,USD,26.754840251772762,1.2551,USD,32.31077377187435,0,Commercial services,Strong buy
FSK,FS KKR Capital Corp.,12.01,USD,-2.831715210355984,1719544,0.5666686670102512,3318846562.8276696,USD,,-1.339,USD,-272.0195272353546,18.6084142394822,Miscellaneous,Neutral
VGNT,Versigent PLC,46.78,USD,1.2554112554112518,758000,0.7195511443758487,3313673803.018182,USD,,,,,0,Producer manufacturing,Strong buy
CWK,Cushman & Wakefield Ltd.,14.09,USD,-2.1527777777777812,1258700,0.7257744313594522,3307115936.13125,USD,48.56945880730782,0.2901,USD,-67.04906860517946,0,Finance,Buy
ADEA,Adeia Inc.,29.67,USD,-0.5363727790814502,882505,0.7646061031596375,3272012082.825679,USD,27.421441774491683,1.082,USD,45.92043155765341,0.670465973851827,Technology services,Strong buy
GPK,Graphic Packaging Holding Company,11,USD,-3.5087719298245648,4465343,0.9762644933532755,3256787091.4912276,USD,16.865992026985587,0.6522,USD,-63.07326463594156,3.85964912280702,Process industries,Neutral
ALMS,Alumis Inc.,25.5,USD,0.7506914263137151,843995,0.9279846648526144,3251045315.9028053,USD,,-3.8093,USD,15.39213290984608,0,Health technology,Strong buy
DX,"Dynex Capital, Inc.",13.07,USD,0.07656967840734906,4823852,0.9734492844403564,3243541695.2388973,USD,4.986836582853219,2.6209,USD,234.59721690284687,15.6202143950995,Finance,Buy
NN,NextNav Inc.,19.2,USD,-3.4933400351847212,2187467,0.5269115047990981,3241150269.635587,USD,,-0.9813,USD,23.221970111884836,0,Technology services,Strong buy
PENG,"Penguin Solutions, Inc.",63.08,USD,-1.1285266457680232,2310914,1.445340847634203,3232389393.399373,USD,45057.142857142855,0.0014,USD,,0,Electronic technology,Buy
ARQT,"Arcutis Biotherapeutics, Inc.",25.61,USD,-2.2145857197403656,1710163,0.9147161446346099,3218971242.8648334,USD,123.66006760019313,0.2071,USD,,0,Health technology,Strong buy
FRSH,Freshworks Inc.,12.33,USD,-2.606635071090048,8913553,1.1277875741892174,3217153155.263033,USD,18.887867647058822,0.6528,USD,,0,Technology services,Buy
IOVA,"Iovance Biotherapeutics, Inc.",7.1,USD,1.7191977077363783,14811114,0.6793040058190648,3216097201.418338,USD,,-0.7213,USD,41.19996739219042,0,Health technology,Buy
NAMS,NewAmsterdam Pharma Company N.V.,26.9,USD,-0.2965159377316599,834973,0.6410568828549282,3215549829.5292807,USD,,-2.1778,USD,-35.05736434108527,0,Health technology,Strong buy
TGB,Trekor Metals Limited,8.77,USD,5.029940119760479,5646839,0.8480141426421179,3210024381.0353146,USD,418.03309945088466,0.0209792,USD,,0,Non-energy minerals,Strong buy
PFS,"Provident Financial Services, Inc",24.57,USD,-0.2840909090909102,774332,0.9079777966800084,3204483759.6392045,USD,10.255875109571315,2.3957,USD,35.167005190701886,3.8961038961039,Finance,Buy
FSM,Fortuna Mining Corp.,10.77,USD,0.9372071227741298,7586214,1.3349126597409073,3187460932.5678587,USD,9.598027137552828,1.1221056,USD,105.61420546842004,0,Non-energy minerals,Buy
CARG,"CarGurus, Inc.",35.77,USD,-4.460470085470071,755143,0.7117908783033214,3186158293.423345,USD,19.418055480158515,1.8421,USD,48.40087005558688,0,Technology services,Buy
CLSK,"CleanSpark, Inc.",12.4,USD,2.5641025641025683,17991176,0.8637649712695933,3184531803.0769234,USD,,-3.7683,USD,-529.2402323727076,0,Technology services,Strong buy
SHAK,"Shake Shack, Inc.",74.19,USD,-0.8685195082843475,1153015,0.4757868692372716,3177849758.19388,USD,78.20174976283334,0.9487,USD,104.32909756622873,0,Consumer services,Buy
EXTR,"Extreme Networks, Inc.",24.28,USD,-0.5325686194182672,1386811,0.6355455302572128,3175292040.219582,USD,77.32484076433121,0.314,USD,,0,Electronic technology,Strong buy
WRBY,Warby Parker Inc.,25.6,USD,-1.1964492473948234,2208589,0.6691400268675329,3164366000.463142,USD,421.7462932454696,0.0607,USD,,0,Retail trade,Buy
BTU,Peabody Energy Corporation,25.91,USD,1.6875981161695437,2110412,0.9662433027458753,3158428982.713108,USD,,-1.4996,USD,-246.50254005470887,1.17739403453689,Energy minerals,Buy
WING,Wingstop Inc.,115.72,USD,-8.24611481129084,1691063,1.2270615698561314,3152507501.551221,USD,27.47518875540149,4.2118,USD,-29.61446548237771,0.951474785918173,Consumer services,Buy
CLBK,"Columbia Financial, Inc.",11.68,USD,-0.9329940627650505,5272163,0.8490369035396192,3148287172.193384,USD,44.957659738260205,0.2598,USD,851.6483516483514,0,Finance,Strong buy
BRZE,"Braze, Inc.",27.95,USD,-3.387487037677153,1390936,0.7524997693977101,3148055156.11476,USD,,-1.1269,USD,-11.662703131193014,0,Technology services,Strong buy
YETI,"YETI Holdings, Inc.",43,USD,-3.500897666068228,2447939,1.0985638253663632,3138518498.429084,USD,18.715181058495823,2.2976,USD,9.613090978483863,0,Producer manufacturing,Buy
REZI,"Resideo Technologies, Inc.",20.64,USD,0.6829268292682955,4040672,1.3769710601620104,3134129956.4253664,USD,9.131127234117855,2.2604,USD,,0,Distribution services,Buy
HAYW,"Hayward Holdings, Inc.",14.76,USD,-2.6385224274406354,1335957,0.5574430831667174,3130885015.598945,USD,20.29982120753679,0.7271,USD,23.698536917318812,0,Consumer durables,Buy
AMBP,Ardagh Metal Packaging S.A.,5.22,USD,-0.19120458891014674,1718718,0.7671782384518722,3120026890.990439,USD,100.57803468208091,0.0519,USD,,7.64818355640535,Process industries,Neutral
BANC,"Banc of California, Inc.",19.69,USD,-0.25329280648428143,1619844,0.5727182308147344,3119444369.4924016,USD,,-0.4308,USD,-166.70795912047072,2.2289766970618,Finance,Strong buy
LASR,"nLIGHT, Inc.",54,USD,2.661596958174902,1028334,0.5548501678901779,3115270547.4524713,USD,,-0.2458,USD,74.55749922368284,0,Electronic technology,Strong buy
IMNM,"Immunome, Inc.",27.4,USD,0.7352941176470562,1187272,1.0064862374829469,3112027124.455882,USD,,-2.5263,USD,18.115519253208866,0,Health technology,Strong buy
HTGC,"Hercules Capital, Inc.",16.54,USD,-0.9580838323353302,1895387,1.0753024968531841,3095692725.3999996,USD,8.307800492239691,1.9909,USD,32.06633499170811,9.58083832335329,Finance,Strong buy
WIX,Wix.com Ltd.,73.72,USD,-0.5530824227708034,1491351,0.7300503420369348,3085145777.454742,USD,,-3.5397,USD,-227.38690754669452,0,Technology services,Buy
SOUN,"SoundHound AI, Inc.",7.04,USD,-5.248990578734855,29955094,0.8377305543031043,3067146311.1493945,USD,,-0.6168,USD,1.3277875539913573,0,Technology services,Strong buy
TMDX,"TransMedics Group, Inc.",88.35,USD,-0.2596522917137096,514254,0.4266678392854106,3063549052.6710315,USD,22.983273067818214,3.8441,USD,98.78477608853035,0,Health technology,Buy
PPTA,Perpetua Resources Corp.,24.39,USD,-3.367670364500784,1083454,0.8389924817351674,3051054770.9298735,USD,,-1.8971,USD,-506.48976982097184,0,Non-energy minerals,Strong buy
DHT,"DHT Holdings, Inc.",18.9,USD,-3.1762295081967262,3508872,1.0604904480295843,3043687091.080942,USD,6.429664908998129,2.9395,USD,148.6465911013365,7.53073770491803,Transportation,Buy
DBRG,"DigitalBridge Group, Inc.",15.91,USD,-0.06281407035175746,2699458,0.763746836463004,3027358506.670226,USD,10.337881741390515,1.539,USD,,0.251256281407035,Finance,Neutral
PK,Park Hotels & Resorts Inc.,15,USD,-0.8592200925313996,4679449,1.0161698831325665,3020075019.4976864,USD,,-0.8256,USD,-411.6647791619479,6.60938532716457,Finance,Neutral
EXK,Endeavour Silver Corporation,10.14,USD,-4.878048780487801,14188511,1.9084715329198407,3002904974.439025,USD,59.29769078184064,0.1710016,USD,,0,Non-energy minerals,Strong buy
CBZ,"CBIZ, Inc.",54.67,USD,0.3856041131105414,616242,0.40727767901647755,2966606153.1606684,USD,25.59456928838951,2.136,USD,23.190495414960502,0,Commercial services,Buy
CALY,Callaway Golf Company,16.61,USD,0.7888349514563046,1690369,0.754965078428438,2965059544.088592,USD,,-1.318,USD,83.79302288405495,0,Consumer durables,Buy
COHU,"Cohu, Inc.",62.62,USD,5.598650927487353,854920,0.9234058741021872,2964332593.2546372,USD,,-0.828,USD,55.603217158176946,0,Electronic technology,Strong buy
HSAI,Hesai Group,18.07,USD,-0.7688083470620568,1249129,0.858512093083066,2948533570.3824005,USD,323.25581395348837,0.0559,USD,,0,Producer manufacturing,Strong buy
PPLI,People Incorporated,39.5,USD,-2.2277227722772244,786944,0.6317918442152174,2941305629.7029705,USD,7.191886823370901,5.4923,USD,,0,Technology services,Buy
INFQ,"Infleqtion, Inc.",13.41,USD,4.276827371695185,9997415,0.9817283747237855,2926020138.067652,USD,,-1.6955,USD,,0,Electronic technology,Strong buy
BKD,Brookdale Senior Living Inc.,12.23,USD,-3.24367088607595,3916777,0.6222774209995523,2920734991.689082,USD,,-0.5847,USD,44.49401936586291,0,Health services,Strong buy
DNOW,DNOW Inc.,16.15,USD,-1.7041996348143709,1989994,0.6154209365102015,2919692156.232501,USD,,-1.0731,USD,-239.54486345903769,0,Distribution services,Strong buy
UPST,"Upstart Holdings, Inc.",29.75,USD,-2.234636871508379,3976613,0.7340795608134083,2895063245.810056,USD,60.900716479017404,0.4885,USD,,0,Finance,Buy
IMAX,Imax Corporation,52.39,USD,-0.9266263237518948,868095,0.6173656916082373,2873178383.846444,USD,71.73764206490483,0.7303,USD,21.655838747293025,0,Consumer durables,Strong buy
AKR,Acadia Realty Trust,20.82,USD,-0.14388489208633637,841000,0.5885156592400562,2859267239.3870506,USD,61.5612063867534,0.3382,USD,102.63630916716598,3.83693045563549,Finance,Strong buy
ASO,"Academy Sports and Outdoors, Inc.",46.1,USD,-3.9283109304991104,2529548,2.2959987750064648,2859046966.089403,USD,8.111912722153793,5.683,USD,4.694005379315417,1.16703136396791,Retail trade,Buy
NRIX,"Nurix Therapeutics, Inc.",27.17,USD,0.44362292051756375,1152768,1.147608809834508,2819748090.916821,USD,,-3.4474,USD,-31.988207818063486,0,Health technology,Strong buy
HOG,"Harley-Davidson, Inc.",27.03,USD,-2.699784017278618,1868569,0.9277972027885222,2813080008.7397404,USD,16.71820880752103,1.6168,USD,-16.254014296073763,2.64578833693305,Consumer durables,Neutral
IHS,IHS Holding Limited,8.33,USD,0,570945,0.9974495326647274,2804469321.0000005,USD,19.89491282541199,0.4187,USD,26.190476190476204,0,Industrial services,Neutral
AVPT,"AvePoint, Inc.",13.25,USD,-1.7062314540059378,1656468,0.7572791752524156,2803241646.3278933,USD,41.95693476884104,0.3158,USD,,0,Technology services,Buy
BEAM,Beam Therapeutics Inc.,27.1,USD,1.3084112149532763,1470184,0.9556196860057719,2799095757.211215,USD,,-0.8601,USD,80.92439397635786,0,Health technology,Strong buy
ACHC,"Acadia Healthcare Company, Inc.",30,USD,-2.6921829386960696,1467487,0.8620166657640131,2793008187.479728,USD,,-12.4547,USD,-920.6299005073466,0,Health services,Buy
ALHC,"Alignment Healthcare, Inc.",13.46,USD,-3.5816618911174785,3645369,0.5452591857898151,2792077128.641834,USD,72.09426888055705,0.1867,USD,,0,Health services,Strong buy
KD,"Kyndryl Holdings, Inc.",12.72,USD,-3.416856492027329,3528664,0.7504222776653278,2770648382.906606,USD,35.461388346807915,0.3587,USD,-70.67288038590466,0,Technology services,Neutral
AVAH,Aveanna Healthcare Holdings Inc.,12.69,USD,3.003246753246747,4269470,1.2846108704448422,2769207874.546266,USD,10.319590143937544,1.2297,USD,1535.2393617021278,0,Health services,Buy
SHAZ,"SharonAI Holdings, Inc.",76.9,USD,0.5688877264107791,2862320,1.5664324030283163,2753289390.862487,USD,,,,,0,Technology services,Strong buy
WTTR,"Select Water Solutions, Inc.",21.32,USD,2.205177372962612,1041674,0.47076693494920496,2749062417.4573345,USD,79.76056864945754,0.2673,USD,-17.0133498913381,1.34228187919463,Energy minerals,Strong buy
GRND,Grindr Inc.,15.81,USD,-1.2492192379762714,1344885,0.6522827556273414,2748104004.9650216,USD,30.800701344243134,0.5133,USD,,0,Technology services,Strong buy
PRVA,"Privia Health Group, Inc.",21.5,USD,-2.272727272727273,889322,0.5625944368865062,2746285290.227273,USD,99.76798143851508,0.2155,USD,84.34559452523523,0,Finance,Strong buy
NMRK,"Newmark Group, Inc.",15.13,USD,-0.7868852459016341,1317126,0.9895761841039681,2741981153,USD,18.818407960199004,0.804,USD,88.51113716295428,0.983606557377049,Finance,Buy
TALO,"Talos Energy, Inc.",16.41,USD,4.0583386176284115,1414840,0.6895122296995243,2739903431.482562,USD,,-2.388,USD,-145.47697368421052,0,Energy minerals,Buy
AEO,"American Eagle Outfitters, Inc.",16.35,USD,1.1131725417439684,4253997,0.9265697728985469,2739824019.211503,USD,10.10819165378671,1.6175,USD,65.52394596807204,3.09214594928881,Retail trade,Neutral
NOG,"Northern Oil and Gas, Inc.",25.53,USD,4.2040816326530654,2367538,0.9428600159098851,2720199178.4436736,USD,,-5.176,USD,-185.34494130061998,7.34693877551021,Energy minerals,Buy
ICHR,Ichor Holdings,71.87,USD,1.1541168191414601,734048,0.7137722291720249,2691835715.948628,USD,,-1.1731,USD,-92.81722550953319,0,Producer manufacturing,Strong buy
VISN,"Vistance Networks, Inc.",11.66,USD,1.127493495229842,7060310,0.6753642621916789,2689103805.7970514,USD,12.660152008686211,0.921,USD,,0,Electronic technology,Neutral
ATAI,AtaiBeckley Inc.,7.24,USD,-0.275482093663906,7605335,1.2136986244094092,2685060183.6749315,USD,,-2.1877,USD,-513.4885025238362,0,Health technology,Neutral
VOYG,"Voyager Technologies, Inc.",43.98,USD,2.326663564448581,1665249,0.7739919762280092,2684057966.9106565,USD,,-2.324,USD,-21.592633286244954,0,Technology services,Buy
STUB,"StubHub Holdings, Inc.",7.12,USD,-11.881188118811881,11648593,1.53351124826819,2673113671.168317,USD,,-5.3703,USD,-2079.50487012987,0,Technology services,Buy
AXGN,"Axogen, Inc.",49.15,USD,0.8618920582803237,654203,0.7765389454692211,2642378327.1454954,USD,,-0.6739,USD,-537.5591296121097,0,Health technology,Strong buy
MAN,ManpowerGroup,56.77,USD,-2.6243567753001615,764519,0.8963895568815096,2640121143.6583195,USD,25.596284773885206,2.2179,USD,,2.46998284734134,Commercial services,Neutral
SVM,Silvercorp Metals Inc.,11.92,USD,-0.831946755407651,2077355,0.6435202129790126,2636779276.1943607,USD,118.32158058573154,0.1007424,USD,-60.39335997170908,0.208896220755849,Non-energy minerals,Strong buy
TRVI,"Trevi Therapeutics, Inc.",18.48,USD,0.10834236186348632,867375,0.5275756228220684,2632953490.764897,USD,,-0.3427,USD,18.540527691942003,0,Health technology,Strong buy
SLS,"SELLAS Life Sciences Group, Inc.",13,USD,1.7214397496087688,5433267,0.9958331206470526,2625294165.1017213,USD,,-0.2122,USD,35.383678440925706,0,Health technology,Strong buy
VRDN,"Viridian Therapeutics, Inc.",23.09,USD,4.574275362318848,1892817,0.884836654721074,2615918432.1046195,USD,,-3.7082,USD,13.059176591953484,0,Health technology,Strong buy
CLBT,Cellebrite DI Ltd.,10.44,USD,-6.283662477558358,8228173,1.5082515001590249,2604151794.0861754,USD,45.01940491591203,0.2319,USD,,0,Technology services,Strong buy
HIMX,"Himax Technologies, Inc.",15.41,USD,1.1818778726198274,892901,0.5022929713152725,2596357017,USD,76.28712871287128,0.202,USD,-52.847805788982264,1.58896913985555,Electronic technology,Neutral
NEOG,Neogen Corporation,11.87,USD,1.8884120171673722,1594230,0.6705208905470321,2588324813.737339,USD,,-0.0361,USD,99.28284794787238,0,Health technology,Buy
WHR,Whirlpool Corporation,39.59,USD,-4.302634759487537,2696861,1.0348229937471904,2581243346.444767,USD,13.309352517985612,2.9746,USD,,6.52646845540247,Consumer durables,Neutral
RARE,Ultragenyx Pharmaceutical Inc.,26.13,USD,-1.3590033975084916,1316013,0.6315230443409736,2576127276.377124,USD,,-5.8414,USD,-5.655940817913803,0,Health technology,Strong buy
NWL,Newell Brands Inc.,6.04,USD,-3.2051282051282075,6026826,0.5926121637182861,2572435868.358974,USD,,-0.5337,USD,8.800410116199608,4.48717948717949,Producer manufacturing,Neutral
TDC,Teradata Corporation,27.53,USD,-0.5419075144508619,2884055,0.7602316490261932,2560290027.848266,USD,5.797376123991829,4.7487,USD,319.4594117127462,0,Technology services,Neutral
BTDR,Bitdeer Technologies Group,9.39,USD,2.847754654983568,15268777,0.9606044141540487,2552035323.900329,USD,,-2.0734,USD,18.176795580110493,0,Technology services,Strong buy
BCRX,"BioCryst Pharmaceuticals, Inc.",9.94,USD,2.0533880903490687,2122652,0.5059535564319493,2540018938.90349,USD,,-1.504,USD,-765.3624856156501,0,Health technology,Strong buy
DRH,Diamondrock Hospitality Company,12.36,USD,0,2326237,0.8473573503948316,2536697316,USD,17.135727159295715,0.7213,USD,159.6472282217423,2.75080906148867,Finance,Buy
SLDE,"Slide Insurance Holdings, Inc.",21.6,USD,-1.5047879616962987,915489,1.1626593278338653,2523133226.26539,USD,5.261363082769035,4.1054,USD,-59.701990655306446,0,Technology services,Buy
PENN,"PENN Entertainment, Inc.",18.65,USD,-0.745077168706762,2756630,0.9732390076840771,2500342013.573709,USD,,-6.3443,USD,-1024.2778663831293,0,Consumer services,Buy
CALX,"Calix, Inc",39.52,USD,-0.05058168942841685,655887,0.8617196923603665,2488336913.1856346,USD,52.588157019294755,0.7515,USD,,0,Electronic technology,Strong buy
PTY,Pimco Corporate & Income Opportunity Fund,11.68,USD,-0.42625745950554733,1660383,1.2246675831361162,2486547921.6,USD,8.651851851851852,1.35,USD,-2.145549434618719,12.153452685422,Miscellaneous,No rating
RNW,ReNew Energy Global plc,6.82,USD,0.14684287812042107,2491632,0.5846964361313821,2485226346.901615,USD,21.03639728562616,0.3242,USD,121.14597544338335,0,Utilities,Buy
BHC,Bausch Health Companies Inc.,6.58,USD,1.0752688172043054,2101265,0.42343264891589216,2460858075.780488,USD,,-2.8555647999999993,USD,-1171.0101697712316,0,Health technology,Neutral
NKTR,Nektar Therapeutics,72.67,USD,-0.4793207340454592,682629,1.1328324919596553,2455230674.1068206,USD,,-6.6967,USD,23.18183903826741,0,Health technology,Strong buy
HYMC,Hycroft Mining Holding Corporation,26.32,USD,-2.7705947543405984,1665580,1.019053394731793,2452541757.706686,USD,,-1.0796,USD,46.02809578563217,0,Non-energy minerals,Buy
LCID,"Lucid Group, Inc.",6.22,USD,0,4570760,0.4964021390353899,2451116501.9999995,USD,,-13.6855,USD,-18.661776436721798,0,Consumer durables,Neutral
BFLY,"Butterfly Network, Inc.",9.02,USD,2.036199095022621,3435744,0.47566761552997705,2446992391.760181,USD,,-0.2939,USD,-5.152057245080489,0,Health technology,Strong buy
KMT,Kennametal Inc.,31.81,USD,1.8898142216527862,2663935,1.3074363335606678,2424527120.5499682,USD,7.226753299861417,4.4017,USD,268.00434746258674,2.5624599615631,Producer manufacturing,Sell
PAYO,Payoneer Global Inc.,7.13,USD,0,5260528,0.8651192026940726,2416006457,USD,51.517341040462426,0.1384,USD,-47.43638435244967,0,Commercial services,Neutral
CTRI,"Centuri Holdings, Inc.",23.91,USD,1.2277730736663808,1006170,0.34152581870629545,2414026813.999153,USD,77.6550828190971,0.3079,USD,,0,Utilities,Neutral
PAGS,PagSeguro Digital Ltd.,8.66,USD,-0.6880733944954185,2802616,0.9241670919912638,2403295338.0389905,USD,6.092584775573378,1.4214,USD,15.251763561177324,0.00458715596330275,Commercial services,Buy
BXMT,"Blackstone Mortgage Trust, Inc.",14.24,USD,-1.657458563535913,2591389,0.8257954560917237,2400060707.635359,USD,165.00579374275782,0.0863,USD,,12.9834254143646,Finance,Buy
BOBS,"Bob's Discount Furniture, Inc.",18.34,USD,-3.0655391120507494,527259,0.3684472538587247,2396800923.5116277,USD,,,,,0,Retail trade,Strong buy
UNIT,Uniti Group Inc.,9.85,USD,-1.5984015984015998,2929650,1.3877447311387578,2390842717.1678324,USD,3.689414937448498,2.6698,USD,1023.1804795961298,0,Communications,Neutral
AMLX,"Amylyx Pharmaceuticals, Inc.",21.43,USD,-0.9246417013407272,1267094,0.661743873356528,2387795866.883033,USD,,-1.4328,USD,42.665066026410564,0,Health technology,Strong buy
CTOS,"Custom Truck One Source, Inc.",10.49,USD,-0.3798670465337051,862943,0.7555649766634954,2386532883.2820516,USD,111.71458998935037,0.0939,USD,,0,Finance,Strong buy
FIVN,"Five9, Inc.",31.85,USD,-3.4848484848484804,2495791,0.7745553521694735,2379944546.3181815,USD,46.48956356736243,0.6851,USD,658.6932447397563,0,Technology services,Buy
FIGS,"FIGS, Inc.",14.32,USD,-2.5187202178352566,1440902,0.340455809894314,2379128153.3560243,USD,44.30693069306931,0.3232,USD,688.2926829268292,0,Consumer non-durables,Buy
RUN,Sunrun Inc.,9.83,USD,-3.5328753680078457,7641334,0.7317547242777073,2367525764.008832,USD,6.609736417428725,1.4872,USD,,0,Electronic technology,Buy
CC,Chemours Company (The),15.72,USD,-0.8201892744479433,1934057,0.46128659055789445,2365844225.451104,USD,,-2.0117,USD,28.06107852953799,2.20820189274448,Process industries,Buy
WERN,"Werner Enterprises, Inc.",39.11,USD,0.5915637860082223,893221,0.9568475335938571,2345706697.623714,USD,,-0.7738,USD,-190.33387812281111,1.440329218107,Transportation,Neutral
PGEN,"Precigen, Inc.",6.55,USD,7.377049180327873,6277580,0.8603085565068401,2345130835.9590163,USD,,-1.0994,USD,-156.62931839402427,0,Health technology,Buy
OCUL,"Ocular Therapeutix, Inc.",10.65,USD,6.075697211155391,11151659,4.911567284032968,2338909062.385458,USD,,-1.413,USD,-10.597996242955539,0,Health technology,Strong buy
FLNC,"Fluence Energy, Inc.",12.63,USD,-3.8812785388127837,6830664,0.7116672314129677,2331452219.6141553,USD,,-0.6411,USD,-141.28716597666542,0,Producer manufacturing,Neutral
ARR,"ARMOUR Residential REIT, Inc.",16.46,USD,-1.6726403823177873,3607578,0.9481463095710797,2329962999.462366,USD,4.417487453369475,3.7261,USD,,17.2043010752688,Finance,Buy
INTR,Inter & Co. Inc.,5.29,USD,1.9267822736030757,4877607,0.653535633960544,2327627805.6262045,USD,8.111008892977614,0.6522,USD,46.33161319273054,0.00217922928709056,Finance,Buy
PTON,"Peloton Interactive, Inc.",5.29,USD,-6.0390763765541715,9676148,0.8664108322476725,2321631809.7850804,USD,48.09090909090909,0.11,USD,,0,Consumer services,Buy
WGS,GeneDx Holdings Corp.,77.39,USD,-0.8837090163934398,431946,0.4260138004303869,2307966446.7213116,USD,,-3.6288,USD,-19505.347593582886,0,Health services,Strong buy
MLYS,"Mineralys Therapeutics, Inc.",26.05,USD,1.5990639625585028,802252,1.066422574258584,2302999253.260531,USD,,-4.2435,USD,-19.002215429484842,0,Health technology,Strong buy
NWBI,"Northwest Bancshares, Inc.",15.69,USD,-0.3809523809523841,667203,0.7999930456552732,2297943619.6971426,USD,15.041702617198736,1.0431,USD,-6.899321670831858,5.07936507936508,Finance,Neutral
RAMP,"LiveRamp Holdings, Inc.",37.68,USD,-0.44914134742404677,1141909,1.3421094541046024,2290754719.9704094,USD,15.567031605040281,2.4205,USD,1026.8621973929237,0,Technology services,Neutral
NUVB,Nuvation Bio Inc.,6.48,USD,4.180064308681683,5055139,0.8424617090849889,2281758453.723473,USD,,-0.4351,USD,30.69448869066582,0,Health technology,Strong buy
VERA,"Vera Therapeutics, Inc.",31.63,USD,0,2748819,1.0984350525593223,2279363359,USD,,-5.8694,USD,-63.93598301818283,0,Health technology,Strong buy
ETOR,eToro Group Ltd.,28.12,USD,-1.6095171448565335,1824582,1.1119654045293992,2278004796.1721487,USD,10.361090641120118,2.714,USD,20.008843687817826,0,Technology services,Buy
STNE,StoneCo Ltd.,9.27,USD,-2.931937172774881,7882479,1.7357447959281664,2254725709.086911,USD,3.7477258944815035,2.4735,USD,,0,Commercial services,Buy
UA,"Under Armour, Inc.",5.19,USD,-1.1428571428571355,2248870,0.6566968923359277,2253622415.668572,USD,,-1.1586,USD,-602.4284475281873,0,Consumer non-durables,Neutral
DJT,Trump Media & Technology Group Corp.,8.1,USD,-2.055622732769044,4146760,0.8822393180846381,2251324526.0822253,USD,,-4.7103,USD,-854.661532225375,0,Commercial services,No rating
UAA,"Under Armour, Inc.",5.29,USD,-1.3059701492537366,7777079,0.738055730414032,2249903967.847015,USD,,-1.1586,USD,-602.4284475281873,0,Consumer non-durables,Neutral
XIFR,"XPLR Infrastructure, LP",11.61,USD,-1.1914893617021325,449207,0.6184486185557302,2241364227.12766,USD,17.364642536643732,0.6686,USD,,0,Utilities,Neutral
WU,Western Union Company (The),7.18,USD,-3.6241610738255097,8694345,0.6936238868651947,2239290927.981208,USD,5.790322580645161,1.24,USD,-53.20048309178744,12.6174496644295,Finance,Sell
XRAY,DENTSPLY SIRONA Inc.,11.19,USD,-3.451251078515965,3682847,0.6990418154841671,2230769967.212252,USD,,-2.7373,USD,42.32892297320075,2.76100086281277,Health technology,Neutral
FLYW,Flywire Corporation - Voting,18.3,USD,-2.7113237639553325,1697783,0.6749209957271405,2226518319.4577355,USD,69.42336874051594,0.2636,USD,541.3625304136253,0,Commercial services,Buy
GOF,Guggenheim Strategic Opportunities Fund,10.3,USD,-1.5296367112810718,2038252,1.8999127061693388,2217969780,USD,9.780647611812745,1.0531,USD,10.561679790026238,20.8910133843212,Miscellaneous,No rating
NCNO,"nCino, Inc.",20.23,USD,-2.787121576165297,2633539,1.4035853226002617,2216256235.369534,USD,167.0520231213873,0.1211,USD,,0,Technology services,Buy
HAPN,"Happen, Inc.",19.19,USD,-1.941747572815529,917299,0.7170556800244393,2214669181.718447,USD,11.560937405867824,1.6599,USD,159.03558052434454,0,Finance,Strong buy
INOD,Innodata Inc.,64.3,USD,0.7047768206734467,1280030,0.61427291083481,2210804489.158966,USD,48.752748502539994,1.3189,USD,5.952763496143964,0,Technology services,Strong buy
PBI,Pitney Bowes Inc.,16.02,USD,-2.4360535931790626,1385232,0.7582516670668944,2196185418.646772,USD,13.050916496945009,1.2275,USD,118.33866951262894,2.19244823386115,Technology services,Neutral
KSS,Kohl's Corporation,19.28,USD,0.3643935450286324,3035452,0.9460484842009742,2186351778.19469,USD,8.186488896437519,2.3551,USD,118.24668705402652,0,Retail trade,Neutral
BHVN,Biohaven Ltd.,14.46,USD,-1.2295081967213095,1849178,1.074060712799823,2184093073.4180326,USD,,-4.646,USD,39.32824905975763,0,Health technology,Buy
OLN,Olin Corporation,19.01,USD,-0.4712041884816746,1989170,0.6425661738141225,2166807188.64555,USD,,-1.2267,USD,-912.9644921552435,4.18848167539267,Process industries,Neutral
VNET,"VNET Group, Inc.",7.92,USD,4.210526315789478,7113049,2.232253012540104,2163656460,USD,,-1.1963,USD,-2134.5238095238096,0,Technology services,Strong buy
ALKT,"Alkami Technology, Inc.",20.21,USD,-2.2254475084663805,891625,0.6973107754877891,2161297392.7252054,USD,,-0.4274,USD,-12.949260042283296,0,Technology services,Strong buy
MLCO,Melco Resorts & Entertainment Limited,5.47,USD,-2.32142857142857,1515136,0.9445035234299692,2129366718.0000002,USD,9.148687071416624,0.5979,USD,336.1050328227571,0,Consumer services,Buy
BRSL,"Brightstar Lottery PLC Trading under the Legal Name to begin at the market open on July 21, 2025.",11.57,USD,-1.865988125530101,1539834,0.6132595919360893,2128781128.0203564,USD,12.874151552242127,0.8987,USD,-5.030117298953817,7.46395250212044,Consumer services,Buy
STGW,Stagwell Inc.,8.7,USD,-4.605263157894736,995218,0.5243608690344427,2126936375.8881578,USD,147.45762711864407,0.059,USD,431.5315315315315,0,Commercial services,Buy
NLST,"Netlist, Inc.",6.03,USD,2.5510204081632715,11872861,2.4863354655101464,2107986314.5102043,USD,,-0.0041,USD,97.07977207977208,0,Electronic technology,Strong buy
DRVN,Driven Brands Holdings Inc.,12.755,USD,-1.42967542503863,761478,0.9500219141392421,2104317441.6561055,USD,14.264146723328116,0.8942,USD,,0,Consumer services,Buy
TIC,"TIC Solutions, Inc.",9.61,USD,-2.4365482233502562,2070464,0.6196871676194492,2097097665.4538074,USD,,-0.5747,USD,,0,Commercial services,Buy
ADMA,ADMA Biologics Inc,9.34,USD,-1.3727560718057104,1497295,0.518320741809359,2092016971.7571275,USD,13.25762952448545,0.7045,USD,-17.04933474626163,0,Health technology,Strong buy
CLM,"Cornerstone Strategic Investment Fund, Inc.",6.94,USD,-5.578231292516997,8617457,4.610853771186223,2086591500,USD,6.36697247706422,1.09,USD,-30.128205128205128,19.9836734693878,Miscellaneous,No rating
XPRO,Expro Ltd,18.57,USD,-0.7482629609834343,759467,0.9019482096529872,2086323643.5424907,USD,103.33889816360602,0.1797,USD,-70.42948823432616,0,Industrial services,Buy
NTST,NetSTREIT Corp.,20.43,USD,-1.3520038628681852,840221,0.7509665928321039,2083319307.3737323,USD,145.20255863539447,0.1407,USD,,4.20086914534042,Finance,Buy
NEO,"NeoGenomics, Inc.",16.16,USD,1.3801756587202048,1137490,0.5882099556198797,2076162948.5972395,USD,,-0.4034,USD,50.557666380683905,0,Health services,Buy
GENI,Genius Sports Limited,7.76,USD,-7.39856801909309,3956184,0.44277599128635886,2076096285.6897373,USD,,-0.6102,USD,-209.27521540800805,0,Technology services,Strong buy
DV,"DoubleVerify Holdings, Inc.",13.3,USD,0.07524454477051591,3018020,0.3642763261196839,2061325058.4650114,USD,36.91368304190952,0.3603,USD,17.476361265079895,0,Technology services,Neutral
QUBT,Quantum Computing Inc.,9.05,USD,0.44395116537181933,6943010,0.7926368424517186,2048439160.7436185,USD,,-0.0633,USD,90.69254521393913,0,Technology services,Buy
PEB,Pebblebrook Hotel Trust,18.14,USD,-0.6027397260273941,1938835,0.8721972486965188,2046966941.7939727,USD,,-0.689,USD,-19.95125348189414,0.219178082191781,Finance,Neutral
NVCR,NovoCure Limited,17.53,USD,3.421828908554583,1448856,1.3003570458623803,2041295782.043658,USD,,-1.3095,USD,16.116840689257565,0,Health technology,Buy
HE,"Hawaiian Electric Industries, Inc.",11.81,USD,0.6820119352088667,1917073,0.8424256840317371,2039917563.2088664,USD,9.128855221457833,1.2937,USD,,0,Utilities,Sell
GNL,"Global Net Lease, Inc.",8.81,USD,0.5707762557077707,2343217,0.6268762074542831,2037923536.8595893,USD,,-0.2788,USD,77.140045916694,8.67579908675799,Finance,Buy
UTZ,Utz Brands Inc,14.15,USD,-0.14114326040931244,1301394,0.5787281085989592,2037065318.7332394,USD,,-0.331,USD,-261.0705596107056,1.76429075511644,Consumer non-durables,Neutral
ASAN,"Asana, Inc.",8.83,USD,-3.391684901531734,3766332,0.7993771944588475,2035401818.028446,USD,,-0.6881,USD,31.429995017438962,0,Technology services,Neutral
AUPH,Aurinia Pharmaceuticals Inc,15.29,USD,-1.1635423400129379,1001732,0.8178649906998079,2034352546.548804,USD,6.684153005464481,2.2875,USD,434.9625818521984,0,Health technology,Buy
SHO,"Sunstone Hotel Investors, Inc.",10.89,USD,-0.4570383912248532,2666611,0.9635751939491515,2024929420.3957956,USD,48.529411764705884,0.2244,USD,953.5211267605634,3.29067641681901,Finance,Neutral
TSHA,"Taysha Gene Therapies, Inc.",6.21,USD,4.36974789915966,3051175,1.116019992547126,2023426135.194958,USD,,-0.4324,USD,-21.08653038364605,0,Health technology,Strong buy
VERX,"Vertex, Inc.",12.47,USD,-1.9654088050314464,1142592,0.3498567126784845,2022862644.116352,USD,580.0000000000001,0.0215,USD,,0,Technology services,Buy
AGIO,"Agios Pharmaceuticals, Inc.",33.63,USD,0.2085816448152571,969285,0.876189276083622,2007774353.8694875,USD,,-7.0101,USD,-163.46279196089085,0,Health technology,Buy
DHC,Diversified Healthcare Trust,8.29,USD,-1.0739856801909502,1351254,0.5313331907536147,2007249292.2780428,USD,,-1.1058,USD,7.487660001673231,0.477326968973747,Finance,Buy
ATEN,"A10 Networks, Inc.",27.35,USD,-0.18248175182480714,1023094,0.7226873304701628,1985856779.8485408,USD,46.75213675213676,0.585,USD,-14.523670368205735,0.875912408759124,Technology services,Buy
PLAB,"Photronics, Inc.",33.6,USD,0.840336134453785,603428,0.8051175024743472,1981180279.6638658,USD,12.304987914744013,2.7306,USD,42.04119850187264,0,Electronic technology,Strong buy
JBLU,JetBlue Airways Corporation,5.24,USD,-7.256637168141595,24347126,1.0191529310319503,1977115934.4920354,USD,,-2.3909,USD,-119.12748602327925,0,Transportation,Sell
WRD,WeRide Inc.,6.08,USD,3.931623931623939,1875620,0.5866724553400512,1947511687.1574004,USD,,-0.7159,USD,41.20883633078755,0,Technology services,Strong buy
PGNY,"Progyny, Inc.",25.33,USD,-3.6149162861491737,740613,0.5509728338558904,1943489870.0239725,USD,27.514664349337387,0.9206,USD,56.29881154499151,0,Commercial services,Strong buy
DEI,"Douglas Emmett, Inc.",11.6,USD,-0.6849315068493157,1521694,0.7419401394269822,1942829066.849315,USD,,-0.1465,USD,-167.69870609981515,6.50684931506849,Finance,Neutral
SRPT,"Sarepta Therapeutics, Inc.",18.18,USD,0.4419889502762337,1728692,0.5716266144260946,1920299296.9226515,USD,,-2.8975,USD,-281.95359873451093,0,Health technology,Neutral
NEXA,Nexa Resources S.A.,14.38,USD,1.410437235543026,434391,0.6246190413538294,1904467308.3427365,USD,6.860359715662422,2.0961,USD,,0.931847672778561,Non-energy minerals,Neutral
PRCH,"Porch Group, Inc.",16.76,USD,-3.5673187571921603,1368421,0.797928426731918,1902592366.8078253,USD,,-0.1351,USD,-129.1163793103448,0,Finance,Strong buy
SEDG,"SolarEdge Technologies, Inc.",30.79,USD,-5.02776064157928,2732546,0.5376124346079016,1894377593.6727328,USD,,-4.5062,USD,84.95922883587728,0,Producer manufacturing,Neutral
SGRY,"Surgery Partners, Inc.",14.36,USD,-4.45775116433799,2421845,1.1169212875209493,1879986161.2428477,USD,,-0.6917,USD,51.57518902268272,0,Health services,Buy
USA,Liberty All-Star Equity Fund,6.05,USD,-0.32948929159803064,1573568,1.1439075253795106,1870889330,USD,10.692824319547544,0.5658,USD,-37.36993579809608,11.0378912685338,Miscellaneous,No rating
WB,Weibo Corporation,7.56,USD,-1.4341590612777095,684849,0.928290866070821,1859141917.3964002,USD,5.389605760319384,1.4027,USD,3.4439528023598793,7.69230769230769,Technology services,Buy
NEXT,NextDecade Corporation,6.95,USD,-3.3379694019471517,2680634,1.1143951201037972,1849988717.5243392,USD,,-1.3606,USD,-71.38178611915858,0,Energy minerals,Buy
HOPE,"Hope Bancorp, Inc.",14.36,USD,-0.6228373702422135,722562,0.6647056236905963,1834372748.8608997,USD,14.440868865647627,0.9944,USD,179.48285553681842,3.87543252595156,Finance,Buy
MBC,"MasterBrand, Inc.",8.99,USD,-1.7486338797814223,1446770,0.7767736220076106,1829379325.791257,USD,,-0.6872,USD,-195.45770245867482,0,Consumer durables,Neutral
SONO,"Sonos, Inc.",15.45,USD,-5.272838749233596,1596639,1.0248173557687925,1827641867.0968733,USD,34.7191011235955,0.445,USD,,0,Consumer durables,Buy
CMPS,COMPASS Pathways Plc - American Depository Shares,13.72,USD,2.0074349442379282,1795274,0.5702400032729004,1825464990,USD,,-4.6238,USD,-154.99365797165393,0,Health technology,Strong buy
WKC,World Kinect Corporation,35.64,USD,-1.3015785101080002,908940,0.82554043771245,1823043866.8845196,USD,,-3.1951,USD,58.1612476593293,2.29853226253116,Distribution services,Sell
VET,Vermilion Energy Inc.,11.88,USD,4.76190476190477,932544,0.8377444223002882,1817026540.6505718,USD,,-2.0666624,USD,-133.4826702873125,3.36721728081322,Energy minerals,Buy
WOLF,"Wolfspeed, Inc.",34.96,USD,9.971689210443541,4287661,0.966932619719103,1816944777.6583831,USD,,-17.2532,USD,-106.57319715999569,0,Electronic technology,Sell
HUN,Huntsman Corporation,10.31,USD,0.09708737864077463,2173414,0.7038211731905121,1808153568.1961164,USD,,-0.9829,USD,45.364091161756534,4.97572815533981,Process industries,Neutral
SFL,SFL Corporation Ltd,12.48,USD,1.0526315789473748,1023707,0.856584961275713,1806578889.0947373,USD,54.237288135593225,0.2301,USD,-44.48733413751508,6.63967611336033,Transportation,Buy
GAB,"Gabelli Equity Trust, Inc. (The)",5.75,USD,-0.8620689655172384,729394,0.9643792857981488,1804942600,USD,6.22563880467735,0.9236,USD,53.21831453218314,10.1655172413793,Miscellaneous,No rating
TH,Target Hospitality Corp.,18.07,USD,3.612385321100912,1166434,0.9346300466468079,1800195266.9552753,USD,,-0.3771,USD,-453.08988764044943,0,Consumer services,Strong buy
FCEL,"FuelCell Energy, Inc.",22.36,USD,-0.044702726866345834,6111863,0.7795571403958272,1787775825.038891,USD,,-6.5732,USD,11.378957018821122,0,Electronic technology,Neutral
PRGO,Perrigo Company plc,12.82,USD,-1.6871165644171693,2137540,0.6691465268548599,1779021864.6334357,USD,,-12.5104,USD,-2139.198138535887,8.89570552147239,Health technology,Buy
VSTS,Vestis Corporation,13.41,USD,0.6001500375093779,1516195,0.8591205878484862,1772267071.780195,USD,,-0.0419,USD,81.58241758241759,0,Consumer non-durables,Neutral
SNDX,"Syndax Pharmaceuticals, Inc.",19.76,USD,-0.40322580645160433,1096391,0.7083729739665626,1764510484.8548388,USD,,-2.5177,USD,35.42868867174476,0,Health technology,Strong buy
EFC,Ellington Financial Inc.,13.59,USD,-0.5852231163130949,755160,0.5996554339664353,1751579641.731529,USD,8.278508771929825,1.6416,USD,35.345040811278736,11.4118507681053,Finance,Buy
PGY,Pagaya Technologies Ltd.,20.93,USD,-2.9220779220779174,1777429,0.578738395628152,1746102893.9123378,USD,16.183406788834766,1.2933,USD,,0,Technology services,Strong buy
USAS,Americas Gold and Silver Corporation,5.16,USD,-1.5267175572519098,4703873,0.929637578989212,1743918902.954608,USD,,-0.177056,USD,50.78470783562622,0,Non-energy minerals,Strong buy
GT,The Goodyear Tire & Rubber Company,6.05,USD,-0.9819967266775859,8745560,0.8214671570469301,1741787431.06383,USD,,-8.8299,USD,-722.1744644870349,0,Consumer durables,Neutral
BRUN,Boost Run Inc.,22.63,USD,-1.3083296990841724,2912087,1.293031819043827,1729149296.3589184,USD,178.47003154574134,0.1268,USD,,0,Technology services,Strong buy
FTRE,Fortrea Holdings Inc.,18.1,USD,3.9632395175186748,1152566,0.6748281160445849,1721309957.3750718,USD,,-0.9159,USD,91.97936826250294,0,Commercial services,Buy
HLMN,Hillman Solutions Corp.,8.82,USD,1.3793103448275978,2978226,1.7665853494041253,1715886846.2689657,USD,42.54703328509407,0.2073,USD,89.14233576642336,0,Distribution services,Buy
BL,"BlackLine, Inc.",29.3,USD,-4.028824107435311,855770,0.5873877700316169,1703070474.245005,USD,52.312087127298696,0.5601,USD,-54.9396621078037,0,Technology services,Neutral
BAND,Bandwidth Inc.,52.79,USD,-2.186399851769501,568470,0.6193785164660417,1698823797.189735,USD,,-0.2881,USD,15.932302305223223,0,Technology services,Strong buy
TRIN,Trinity Capital Inc.,17.92,USD,-1.2127894156560026,1043673,0.7858778679410913,1696908770.646086,USD,10.259933585251346,1.7466,USD,-21.754323089328924,0,Miscellaneous,Buy
RLJ,RLJ Lodging Trust,11.07,USD,0.72793448589627,1768298,0.8401508861955589,1695335037.7233849,USD,1876.271186440678,0.0059,USD,-97.18242597898758,5.45950864422202,Finance,Neutral
NTLA,"Intellia Therapeutics, Inc.",12.09,USD,1.511335012594456,1818943,0.5253578148311859,1694131705.5491183,USD,,-3.3569,USD,28.42278086952813,0,Health technology,Buy
AMPX,"Amprius Technologies, Inc.",11.58,USD,-7.434052757793763,6540729,0.9131001318668384,1691613696.9736211,USD,,-0.2876,USD,13.943746259724707,0,Producer manufacturing,Strong buy
IE,Ivanhoe Electric Inc.,10.59,USD,1.7291066282420724,1283466,0.5753578228726012,1690060945.3631122,USD,,-0.2669,USD,58.277317492574646,0,Non-energy minerals,Strong buy
CPRI,Capri Holdings Limited,14.67,USD,-4.367666232073011,5531101,1.1356215789537007,1667269266.547588,USD,16.017032427120864,0.9159,USD,,0,Retail trade,Buy
DXC,DXC Technology Company,10.39,USD,-3.7071362372567065,2752061,0.8185788655593113,1660100546.6348472,USD,14.71879869669925,0.7059,USD,-65.5943851440269,0,Technology services,Neutral
AEVA,"Aeva Technologies, Inc.",23.75,USD,2.0189003436426067,1023108,0.4368493158756658,1655511780.8204465,USD,,-2.7329,USD,50.28288671796831,0,Electronic technology,Buy
LILAK,Liberty Latin America Ltd.,8.44,USD,-0.588928150765615,1148591,0.8832238368648334,1655082979.0482922,USD,,-0.4997,USD,91.57633890190658,0,Communications,Buy
INSP,"Inspire Medical Systems, Inc.",57.22,USD,0.21015761821365575,519680,0.6175439864028146,1654251646.9779336,USD,12.426703731051559,4.6046,USD,166.74776966747768,0,Health technology,Neutral
RVLV,"Revolve Group, Inc.",23.14,USD,-2.321654706627272,1033603,0.9628523224878929,1644916708.8594344,USD,22.97002183839587,1.0074,USD,60.08263149531226,0,Retail trade,Buy
WEN,Wendy's Company (The),8.62,USD,-0.23148148148149708,6377522,0.48125933924765757,1643574923.1064813,USD,13.062585240187905,0.6599,USD,-31.124099780816188,6.48148148148148,Consumer services,Neutral
ARCO,Arcos Dorados Holdings Inc.,7.86,USD,-0.6321112515802758,1402987,1.2028832770582227,1637662318.7711759,USD,6.449495363912367,1.2187,USD,97.29642221142947,3.28697850821745,Consumer services,Strong buy
SVV,"Savers Value Village, Inc.",10.56,USD,-0.9380863039399591,3378371,1.203062436962338,1628944751.8198872,USD,69.88749172733289,0.1511,USD,-26.543509965969854,0,Retail trade,Buy
WWW,"Wolverine World Wide, Inc.",19.83,USD,-5.706134094151226,1145599,1.2206408242060447,1627375527.669044,USD,15.38401861908456,1.289,USD,24.55309691757658,1.9020446980504,Consumer non-durables,Buy
POET,POET Technologies Inc.,9.4,USD,-1.8789144050104356,11717445,0.7822785970769102,1622345952.9018793,USD,,-0.581,USD,19.629270991838432,0,Producer manufacturing,Strong buy
DCH,Dauch Corporation,6.8,USD,1.0401188707280742,2347988,0.660603005331386,1615711381.0401187,USD,,-1.0561,USD,-406.82742591516563,0,Producer manufacturing,Buy
MQ,"Marqeta, Inc.",15.52,USD,-4.989286807468633,797175,0.5692202288020045,1615613113.7704315,USD,158.2059123343527,0.0981,USD,,0,Commercial services,Neutral
AESI,Atlas Energy Solutions Inc.,12.82,USD,2.9718875502008113,3762029,1.0448114278493423,1602544283.060241,USD,,-0.9512,USD,-832.2555812163204,2.00803212851406,Industrial services,Neutral
FUN,Six Flags Entertainment Corporation,15.6,USD,-4.8780487804877986,1942918,0.6489179829575523,1596134472.1463413,USD,,-17.3163,USD,-266.7775141913073,0,Consumer services,Buy
RCAT,"Red Cat Holdings, Inc.",10.44,USD,-6.199460916442059,9681443,0.8173088555199304,1594337887.6334229,USD,,-0.8027,USD,-110.95926412614978,0,Technology services,Strong buy
NOMD,Nomad Foods Limited,11.38,USD,-2.9838022165387863,2680713,1.6631788493962778,1590823432.0392156,USD,11.269558328381859,1.0098,USD,-31.259360108917633,5.79710144927536,Consumer non-durables,Buy
VIR,"Vir Biotechnology, Inc.",9.39,USD,1.6233766233766271,1460798,1.000144120088663,1588937803.0194805,USD,,-1.8614,USD,53.57873210633948,0,Health technology,Strong buy
ABSI,Absci Corporation,9.24,USD,0.6535947712418355,2145092,0.8599751840648823,1585713539.1633985,USD,,-0.8004,USD,15.355329949238577,0,Health technology,Strong buy
PWP,Perella Weinberg Partners,16.78,USD,-3.4522439585730607,820737,0.7279677072578843,1577962281.0506332,USD,64.07025582283315,0.2619,USD,-67.60667903525047,1.61104718066743,Finance,Buy
AMPL,"Amplitude, Inc.",12.61,USD,-3.2233307751343054,1502067,0.528557158566866,1575186026.6531084,USD,,-0.7545,USD,-0.6268338223526175,0,Technology services,Buy
PUMP,ProPetro Holding Corp.,12.79,USD,5.702479338842971,2958428,1.1362051430001878,1570917904.0322313,USD,,-0.113,USD,92.25868329108721,0,Industrial services,Buy
CXM,"Sprinklr, Inc.",6.7,USD,-2.757619738751807,2134209,0.801114288144527,1569388986.1973877,USD,59.76806422836753,0.1121,USD,-72.67852790640995,0,Technology services,Neutral
GLOB,Globant S.A.,36.26,USD,-2.996254681647952,3141819,1.4570264883847384,1565690672.157303,USD,14.236356497840594,2.547,USD,3.6166144583214757,0,Technology services,Buy
AMSC,American Superconductor Corporation,32.13,USD,0.6578947368421079,550525,0.7563555019925388,1556446164.75,USD,10.613768498942918,3.0272,USD,666.573816155989,0,Producer manufacturing,Strong buy
HLX,"Helix Energy Solutions Group, Inc.",10.54,USD,1.0546500479386332,1494017,0.9659552493671739,1553411029.568552,USD,66.28930817610062,0.159,USD,-50.83487940630798,0,Industrial services,Buy
XERS,"Xeris Biopharma Holdings, Inc.",8.52,USD,-0.9302325581395358,1334889,0.6720996977414515,1553369131.3534884,USD,,-0.1023,USD,51.85882352941176,0,Health technology,Strong buy
FLO,"Flowers Foods, Inc.",7.31,USD,-2.792553191489361,5173179,1.0404347253679207,1549670582.6502662,USD,21.380520620064345,0.3419,USD,-68.19534883720931,11.5359042553192,Consumer non-durables,Neutral
ADNT,Adient plc,20.1,USD,-1.3738959764474856,840775,0.6826395096670896,1549648258.0863593,USD,33.61204013377927,0.598,USD,,0,Producer manufacturing,Buy
TNDM,"Tandem Diabetes Care, Inc.",22.255,USD,-2.046654929577464,1384284,0.4985478810299672,1548474029.231074,USD,,-0.9264,USD,70.02911679068262,0,Health technology,Buy
KMPR,Kemper Corporation,26.21,USD,-4.41283734500365,836255,0.9168083485686145,1544375842.749088,USD,,-8.4025,USD,-258.28388433644153,4.66812545587163,Finance,Neutral
QFIN,"Qfin Holdings, Inc.",11.94,USD,-2.689486552567238,1127997,0.9231610427622755,1536384191.0508,USD,2.2077177671356987,5.4083,USD,-16.884893191947135,12.3879380603097,Finance,Buy
ENR,"Energizer Holdings, Inc.",22.36,USD,-1.757469244288234,1111211,0.9156474709732655,1531294263.6889277,USD,19.02654867256637,1.1752,USD,-66.15012385506077,5.27240773286467,Consumer non-durables,Neutral
SBH,"Sally Beauty Holdings, Inc. (Name to be changed from Sally Holdings, Inc.)",16.24,USD,-1.0962241169305922,1015039,0.5832445619418416,1520426022.4360535,USD,8.443820516820049,1.9233,USD,3.6428301988468017,0,Retail trade,Buy
UMAC,"Unusual Machines, Inc.",30.15,USD,-11.479741632413399,8277555,1.5167305768983617,1506188681.2522018,USD,,-0.1739,USD,95.57190873905071,0,Electronic technology,Strong buy
PSNL,"Personalis, Inc.",13.89,USD,-1.0683760683760584,1093925,0.45361678447412923,1483450237.0384614,USD,,-1.0909,USD,14.257643637506877,0,Health services,Buy
APPS,"Digital Turbine, Inc.",12.24,USD,-1.6077170418006375,2228331,0.36098327735791713,1481238857.6913185,USD,,-0.3087,USD,60.188289914882645,0,Technology services,Buy
BW,"Babcock & Wilcox Enterprises, Inc.",9.92,USD,-3.595724003887262,4512015,0.6983491171523647,1477733363.965015,USD,,-0.8722,USD,55.58837007994296,0,Electronic technology,Strong buy
ARLO,"Arlo Technologies, Inc.",13.71,USD,-4.326587578506624,1465202,0.9075757509122977,1475378391.7934403,USD,49.512459371614305,0.2769,USD,,0,Electronic technology,Strong buy
MRVI,"Maravai LifeSciences Holdings, Inc.",5.68,USD,-0.3508771929824642,2150059,1.0438264988524535,1474945702.2175438,USD,,-0.532,USD,61.09120163826519,0,Health technology,Buy
AI,"C3.ai, Inc.",9.7,USD,-2.316213494461233,3427137,0.8159684863520619,1473908059.5669687,USD,,-3.3471,USD,-49.95967741935483,0,Technology services,Sell
COUR,"Coursera, Inc.",5.54,USD,-4.1522491349481,4928776,0.9127228251834876,1464776019.16955,USD,,-0.6785,USD,-112.56265664160401,0,Commercial services,Buy
ULCC,"Frontier Group Holdings, Inc.",6.35,USD,-5.08221225710016,2439359,0.7557706556592586,1461870084.1629293,USD,,-1.684,USD,-1036.302294197031,0,Transportation,Sell
EYE,"National Vision Holdings, Inc.",18.47,USD,-4.300518134715035,1392965,0.5471538466765696,1460410154.7430048,USD,29.848093083387198,0.6188,USD,,0,Retail trade,Buy
ATEC,"Alphatec Holdings, Inc.",9.45,USD,-3.4729315628192023,1398443,0.4883393021292811,1459562702.911134,USD,,-0.7164,USD,36.869933027846315,0,Health technology,Strong buy
HLIT,Harmonic Inc.,13.43,USD,-3.520114942528737,1380145,0.6685308968814179,1457107157.5545976,USD,,-0.4204,USD,-171.86324786324784,0,Electronic technology,Buy
RES,"RPC, Inc.",6.57,USD,3.3018867924528292,1044635,0.7851324083020723,1456286605.6981132,USD,65.5688622754491,0.1002,USD,-59.7266881028939,2.51572327044025,Industrial services,Sell
OMDA,"Omada Health, Inc.",23.75,USD,-1.2063227953410947,962201,0.49185256931359445,1453896715.8901832,USD,360.9422492401216,0.0658,USD,,0,Technology services,Strong buy
PCT,"PureCycle Technologies, Inc.",7.215,USD,3.812949640287765,4432176,0.872124869311906,1449528205.707194,USD,,-1.4627,USD,12.601577437858513,0,Industrial services,Buy
NAT,Nordic American Tankers Limited,6.82,USD,1.639344262295087,2178951,0.871200626223017,1444139483.3114758,USD,26.58869395711501,0.2565,USD,49.73730297723292,9.23994038748137,Transportation,Buy
UTI,Universal Technical Institute Inc,26.15,USD,3.9761431411530817,1500820,0.6685416884844828,1440740245.2644136,USD,42.506501950585175,0.6152,USD,-45.9402460456942,0,Commercial services,Strong buy
PURR,Hyperliquid Strategies Inc,7.15,USD,7.035928143712584,9720261,1.6195435469070698,1434030347.964072,USD,,,,,0,Finance,Strong buy
ENOV,Enovis Corporation,24.74,USD,-5.065234075211053,1089524,0.7111965790207178,1426743173.6761322,USD,,-19.2377,USD,-30.139219612512168,0,Health technology,Strong buy
CNXC,Concentrix Corporation,23.33,USD,-4.736627194773377,1201644,1.1852578107661578,1423558150.7501023,USD,,-21.2094,USD,-682.3238701883477,5.87995100040833,Technology services,Buy
SBET,"Sharplink, Inc.",6.51,USD,3.993610223642172,6701755,1.171588421150493,1414125702.5559106,USD,,-8.2408,USD,29.677606540030382,0,Commercial services,Strong buy
YSS,York Space Systems Inc.,10.66,USD,-2.470265324794141,4389762,1.1203382533056236,1400702991.1198537,USD,,,,,0,Electronic technology,Buy
MLTX,MoonLake Immunotherapeutics,16.35,USD,-0.7285974499089098,1200485,0.7280971185128269,1391494314.6903462,USD,,-3.8357,USD,-37.48028673835125,0,Health technology,Buy
CRI,"Carter's, Inc.",37.82,USD,-2.3243801652892526,842245,0.7744498178365518,1388417078.0402892,USD,7.080408125058504,5.3415,USD,41.90266192019551,2.58264462809917,Retail trade,Neutral
ORIC,"Oric Pharmaceuticals, Inc.",13.38,USD,-3.5328046142754035,1145292,0.6653777315869676,1386872533.6914206,USD,,-1.3499,USD,28.644677027169884,0,Health technology,Strong buy
SHLS,"Shoals Technologies Group, Inc.",8.23,USD,-2.603550295857975,3090557,0.5102181748760228,1385108617.2319527,USD,43.79989356040447,0.1879,USD,48.77276326207444,0,Electronic technology,Buy
WLTH,Wealthfront Corporation,9.16,USD,0.2188183807439778,1291605,1.4303597668686505,1368148838.5382934,USD,,-0.3811,USD,,0,Technology services,Buy
VOR,Vor Biopharma Inc.,23.01,USD,-0.08684324793747102,791080,1.0491323584683203,1361324390.1155016,USD,,-83.3934,USD,69.48375155612251,0,Health technology,Strong buy
ARHS,"Arhaus, Inc.",9.53,USD,-2.8542303771661683,1088740,0.5085222811638628,1350894056.5535166,USD,19.528688524590162,0.488,USD,-3.3663366336633693,0,Consumer durables,Buy
REAL,"The RealReal, Inc.",11.08,USD,-2.8070175438596516,3601871,0.8613291061491751,1348115961.0035086,USD,,-1.1156,USD,-5.275077852222312,0,Retail trade,Strong buy
NMAX,"Newsmax, Inc.",10.36,USD,-4.691812327506898,1920247,1.5165328998713166,1338104274.4323828,USD,,-0.0497,USD,,0,Consumer services,Strong buy
ORC,"Orchid Island Capital, Inc.",6.67,USD,0.30075187969924166,3065500,0.7006986551888775,1331354959.8451128,USD,4.477411559374371,1.4897,USD,661.9948849104859,20.7518796992481,Finance,Neutral
NVAX,"Novavax, Inc.",8.07,USD,0.24844720496893877,1928257,0.5633336822537286,1331112028.5689442,USD,,-1.523,USD,-167.4699862667789,0,Health technology,Neutral
CRSR,"Corsair Gaming, Inc.",12.24,USD,-5.773672055427252,2118832,0.7053284080041514,1324086013.5796766,USD,39.895697522816164,0.3068,USD,,0,Technology services,Buy
LSPD,Lightspeed Commerce Inc. Subordinate Voting Shares,10.23,USD,-4.123711340206181,681245,1.0041839215597255,1322734857.4387271,USD,,-0.6827392,USD,85.53194384889842,0,Technology services,Neutral
CBRL,"Cracker Barrel Old Country Store, Inc.",59.04,USD,1.9249028916702666,911410,1.181365632799452,1319630264.1415622,USD,51.13459206651654,1.1546,USD,-55.18726955171744,1.72637030643073,Consumer services,Neutral
GLUE,"Monte Rosa Therapeutics, Inc.",15.38,USD,-0.7741935483870918,815979,0.6402616289334144,1312120095.9690325,USD,,-1.9057,USD,-655.4357330224424,0,Health technology,Strong buy
LEG,"Leggett & Platt, Incorporated",9.56,USD,-1.0351966873705967,1462331,0.8407681156303891,1305790862.761905,USD,6.12624158923422,1.5605,USD,52.2439024390244,2.0703933747412,Consumer durables,Neutral
SDGR,"Schrodinger, Inc.",17.4,USD,-1.0801591813530487,653529,0.4748105473737821,1301617915.8044345,USD,,-0.7367,USD,70.32068326484571,0,Technology services,Buy
ACVA,ACV Auctions Inc.,7.62,USD,-7.859733978234577,5370678,0.8263886215389882,1293936904.7158406,USD,,-0.3674,USD,4.447334200260078,0,Technology services,Buy
SGML,Sigma Lithium Corporation,11.43,USD,-4.67055879899917,1529251,0.7876011649021768,1286655853.5080118,USD,,-0.24309119999999998,USD,43.685303660367694,0,Non-energy minerals,Strong buy
FMC,FMC Corporation,10.18,USD,0.2955665024630479,3124818,0.9581503095772318,1274809153.9724138,USD,,-22.037,USD,-2897.2835745112975,8.07881773399015,Process industries,Neutral
EFOR,"Everforth, Inc.",30.86,USD,-2.5576255131038907,705984,0.7563147013233772,1265260002.9232712,USD,15.88592607845156,1.9426,USD,-38.31645127488648,0,Technology services,Neutral
BKSY,BlackSky Technology Inc.,30.77,USD,-0.4851228978007831,1018579,0.9436318866699381,1259257534.9851227,USD,,-1.8228,USD,45.58481103349454,0,Technology services,Strong buy
OMER,Omeros Corporation,17.36,USD,0.9889470622454808,2467443,0.8157320409591247,1256661157.6404886,USD,12.074841761146276,1.4377,USD,,0,Health technology,Buy
HLF,Herbalife Ltd.,11.99,USD,-2.7575020275750193,1381182,0.7491232995352034,1256592553.0389295,USD,7.744977714617919,1.5481,USD,-51.31301695128471,0,Consumer non-durables,Buy
CRVS,"Corvus Pharmaceuticals, Inc.",14.91,USD,0.1343183344526499,505991,0.5867269792531505,1254243375.0141034,USD,,-0.6177,USD,39.1548463356974,0,Health technology,Strong buy
LADR,Ladder Capital Corp,9.88,USD,-1.0020040080160284,730218,0.5812083774084094,1253429136.280561,USD,23.795761078998073,0.4152,USD,-40.82098061573546,9.2184368737475,Finance,Strong buy
YELP,Yelp Inc.,23.07,USD,-6.599190283400806,1401399,1.0992558799524497,1251861804.9327936,USD,11.04620541058176,2.0885,USD,-5.510564176808594,0,Technology services,Neutral
TTI,"Tetra Technologies, Inc.",8.42,USD,-1.520467836257319,1935764,1.1748140384331192,1246772872.596491,USD,205.8679706601467,0.0409,USD,-95.2754995957029,0,Process industries,Buy
REPL,"Replimune Group, Inc.",14.63,USD,-2.271209084836338,3735001,0.579660061357971,1229301420.811623,USD,,-3.2789,USD,2.953798798354387,0,Health technology,Strong buy
ASM,Avino Silver & Gold Mines Ltd.,7.2,USD,2.564102564102573,3960055,0.8419436645884198,1222957889.1675231,USD,27.799056067607307,0.2590016,USD,137.29677580723927,0,Non-energy minerals,Buy
DOLE,Dole plc,12.93,USD,-2.7819548872180526,1320244,1.1451781038696223,1221352318.026316,USD,16.647354190807263,0.7767,USD,211.5523465703971,2.55639097744361,Distribution services,Buy
CERT,"Certara, Inc.",8,USD,0,4654924,1.1217951019722372,1220310303,USD,,-0.0169,USD,-134.21052631578948,0,Technology services,Buy
PRCT,PROCEPT BioRobotics Corporation,21.09,USD,-2.5866050808314034,998800,0.43965724166494513,1207901441.6674366,USD,,-1.947,USD,-25.04816955684009,0,Health technology,Neutral
BLZE,"Backblaze, Inc.",19.39,USD,1.9453207150368086,2242071,0.5438931922690821,1200241058.1088328,USD,,-0.3468,USD,61.09054190508246,0,Electronic technology,Strong buy
TRIP,"TripAdvisor, Inc.",10.17,USD,-5.307262569832405,3915342,0.8288997772836051,1191917271.1340783,USD,1006.9306930693069,0.0101,USD,-97.87725935266918,0,Consumer services,Neutral
TDOC,"Teladoc Health, Inc.",6.54,USD,-3.9647577092510953,4103004,0.8652020523171545,1188213487.7268722,USD,,-0.9925,USD,16.876046901172522,0,Health services,Neutral
BRBR,"BellRing Brands, Inc.",10.18,USD,-5.302325581395351,3828698,0.796212863846926,1183712058.0074418,USD,7.158931082981716,1.422,USD,-18.71498799588431,0,Health technology,Buy
WYFI,"WhiteFiber, Inc.",30.35,USD,2.8116531165311716,1725806,1.1451630829848853,1179040394.2953932,USD,,-0.0098,USD,14.03508771929825,0,Technology services,Strong buy
PDM,"Piedmont Realty Trust, Inc.",9.36,USD,-1.2658227848101369,691219,0.7251832474684855,1171243211.392405,USD,,-0.6477,USD,-17.549909255898367,0,Finance,Neutral
MUX,McEwen Inc.,18.85,USD,0.2659574468085144,988931,0.882376533392341,1156608927.18883,USD,16.12213479302087,1.1692,USD,,0,Non-energy minerals,Strong buy
AVO,"Mission Produce, Inc.",12.95,USD,-0.8422664624808668,389357,0.44206518331779193,1143741463.545176,USD,40.51939924906132,0.3196,USD,-38.13395276809911,0,Process industries,Strong buy
LWLG,"Lightwave Logic, Inc.",7.42,USD,-1.9815059445178382,2725912,0.814430452579511,1143270809.4134743,USD,,-0.1604,USD,3.721488595438182,0,Process industries,No rating
GO,Grocery Outlet Holding Corp.,11.49,USD,3.2345013477088895,3698913,1.1404053260493665,1138480865.7708895,USD,,-3.8802,USD,-4993.064312736444,0,Retail trade,Neutral
ECVT,Ecovyst Inc.,10.39,USD,0,1148172,0.8348391026882227,1137376704.0000002,USD,,-0.5462,USD,-357.4539363484087,0,Process industries,Buy
GPRE,"Green Plains, Inc.",16.14,USD,3.527902501603597,719408,0.4712808174855948,1131338625.4753048,USD,10.468962833236038,1.5417,USD,,0,Process industries,Buy
ASST,"Strive, Inc.",13.2,USD,7.186358099878196,2992906,1.1760487959660237,1127833084.8233862,USD,,-19.0998,USD,-2.263746854419868,0,Miscellaneous,Strong buy
FUBO,FuboTV Inc.,10.27,USD,1.182266009852209,1603667,0.7541780097069322,1121451013.569458,USD,,,,,0,Technology services,Strong buy
SVRA,"Savara, Inc.",5.37,USD,-0.18587360594795144,1206907,0.8400061080875366,1103320341.7360594,USD,,-0.5766,USD,-12.397660818713447,0,Health technology,Strong buy
GSBD,"Goldman Sachs BDC, Inc.",9.78,USD,-0.7106598984771603,980056,0.8644677568863932,1100925536.8690355,USD,18.968192397207137,0.5156,USD,-58.46624778475915,12.994923857868,Miscellaneous,Sell
AVTX,"Avalo Therapeutics, Inc.",19.95,USD,1.8376722817764135,646969,0.9832319760535827,1069918301.4165391,USD,,-4.7387,USD,49.46249173474394,0,Health technology,Strong buy
LAR,Lithium Argentina AG,6.6,USD,-3.2258064516129124,1799388,0.780427676698501,1065239933.930453,USD,,-0.32588159999999994,USD,-176.26285703628412,0,Non-energy minerals,Strong buy
VYX,NCR Voyix Corporation,7.7,USD,-5.637254901960784,2647575,1.1117353729057924,1063138096.9485295,USD,18.89106967615309,0.4076,USD,,0,Technology services,Strong buy
TDAY,"USA TODAY Co., Inc.",7.17,USD,1.8465909090909074,4279432,1.2795469945954987,1052684568.0809658,USD,,-0.3098,USD,-147.72027110289588,0,Consumer services,Buy
NNE,Nano Nuclear Energy Inc.,19.59,USD,-0.35605289928789563,1280943,0.6158278255315309,1051946613.0198371,USD,,-0.6945,USD,26.30517826825127,0,Producer manufacturing,Buy
SVC,Service Properties Trust,8.09,USD,-0.49200492004921176,1150002,0.6548870347455691,1047731796.2902828,USD,,-14.7174,USD,-75.69658333930234,2.460024600246,Finance,Buy
UPWK,Upwork Inc.,8.19,USD,-3.4767236299351794,3073434,0.5615403319040468,1022958526.5079553,USD,10.7086820083682,0.7648,USD,-56.0510286174003,0,Commercial services,Buy
OI,"O-I Glass, Inc.",6.62,USD,-2.503681885125183,2348869,0.7832584099934542,1017227501.6141385,USD,,-7.5194,USD,-352.92133477894237,0,Process industries,Neutral
CSIQ,Canadian Solar Inc.,14.79,USD,-2.3117569352708154,1226017,0.7479215420439851,1004192976.4597094,USD,,-1.5082,USD,-662.8730399595347,0,Electronic technology,Neutral
KURA,"Kura Oncology, Inc.",11.28,USD,3.867403314917127,2102634,1.390639965788138,1003475728.9944751,USD,,-3.3621,USD,-48.890660289624,0,Health technology,Strong buy
WVE,"Wave Life Sciences, Inc.",5.09,USD,-5.914972273567472,3243635,0.8678605587130523,1002975166.7652496,USD,,-1.0865,USD,-21.750336172120132,0,Health technology,Strong buy
CLYM,"Climb Bio, Inc.",17.44,USD,6.797305572565849,1865409,1.5286158054866668,1001688240.0489898,USD,,-0.828,USD,-19.291168419536074,0,Health technology,Strong buy
QDEL,QuidelOrtho Corporation,14.58,USD,1.9580419580419535,1236150,0.6169164925186991,999829809.1636364,USD,,-15.4077,USD,-135.74674480162798,0,Health technology,Neutral
EVLV,"Evolv Technologies Holdings, Inc.",5.47,USD,-5.6896551724137945,2238780,1.045595820269496,990760042.3862071,USD,,-0.0328,USD,94.01132006572941,0,Electronic technology,Strong buy
KOPN,Kopin Corporation,5.32,USD,-3.2727272727272676,3715717,0.7193241462035851,988842255.2145454,USD,110.83333333333334,0.048,USD,,0,Electronic technology,Strong buy
LPTH,"LightPath Technologies, Inc.",14.8,USD,-2.4390243902438975,3097179,1.2275228079342615,982139870.2439024,USD,,-0.5016,USD,-97.48031496062993,0,Electronic technology,Strong buy
QMCO,Quantum Corporation,24.92,USD,-4.557640750670233,2094629,0.5931097492120012,982097219.0884719,USD,,-13.2356,USD,35.717997659046425,0,Electronic technology,Strong buy
KODK,Eastman Kodak Company,9.97,USD,-0.2999999999999936,822654,0.7633635528501304,976063014.955,USD,,-1.2757,USD,-1109.1943127962088,0,Producer manufacturing,No rating
SLDB,Solid Biosciences Inc.,9.1,USD,-1.0869565217391266,694166,0.8094362831551941,975749617.7282609,USD,,-1.9084,USD,31.80876152361895,0,Health technology,Strong buy
DXYZ,Destiny Tech100 Inc.,34,USD,6.25,1837676,1.3578762617711055,974901248,USD,9.6045197740113,3.54,USD,129.2746113989637,0,Miscellaneous,No rating
ANNX,"Annexon, Inc.",5.13,USD,-3.0245746691871482,3625359,1.4461913326308795,972541018.6502835,USD,,-1.1473,USD,10.95847885137757,0,Health technology,Strong buy
CRML,Critical Metals Corp.,6.57,USD,-1.351351351351349,4968549,0.800762322725807,965059052.972973,USD,,-1.4123,USD,26.18126698724649,0,Non-energy minerals,Buy
ACDC,ProFrac Holding Corp.,5.28,USD,-1.675977653631282,1906675,0.8049720882073864,961608216.8491621,USD,,-2.3059,USD,-32.5839466421343,0,Industrial services,Sell
SMPL,The Simply Good Foods Company,10.84,USD,-4.155614500442092,1442937,0.7128957503777698,958912380.6896552,USD,,-2.1752,USD,-252.11188811188813,0,Consumer non-durables,Buy
CCXI,Churchill Capital Corp. XI Class A,17.2,USD,0.761570005858225,5768083,1.9086305888394697,958040009.0685412,USD,,-2.3539,USD,,0,Finance,No rating
ALOY,REalloys Inc.,13.855,USD,-5.876358695652175,3280826,0.9307074926522405,955823774.9779211,USD,,-3.1338,USD,-192.0596458527493,0,Non-energy minerals,Strong buy
OLMA,"Olema Pharmaceuticals, Inc.",10.77,USD,1.3170272812793866,889851,0.7930312429985451,942349291.8174975,USD,,-2.1183,USD,-10.156006240249612,0,Health technology,Strong buy
OXLC,Oxford Lane Capital Corp.,9.4,USD,-2.185223725286151,1084917,1.06289602641435,937936000,USD,,-5.9918,USD,-639.3159315931592,53.0697190426639,Finance,Strong buy
MNTN,"MNTN, Inc.",12.46,USD,-0.47923322683705055,993750,0.6777780202811645,932047437.0942494,USD,16.586794462193826,0.7512,USD,,0,Technology services,Strong buy
LZ,"LegalZoom.com, Inc.",5.44,USD,-3.2028469750889625,3716298,0.8701269248551119,931680581.6939502,USD,57.99573560767591,0.0938,USD,-42.41866175567833,0,Technology services,Neutral
CADL,"Candel Therapeutics, Inc.",12.16,USD,3.754266211604091,2160898,1.8146334548716476,930465739.1945392,USD,,-1.4095,USD,-105.28692106029712,0,Health technology,Strong buy
TROX,Tronox Holdings plc,5.78,USD,-3.020134228187915,1891713,0.521922181184356,923066164.865772,USD,,-3.4519,USD,-118.53000759685999,3.35570469798658,Process industries,Neutral
MFA,"MFA Financial, Inc.",9.11,USD,-0.5458515283842873,931862,0.6173253096540327,920911085.264192,USD,9.107267819654103,1.0003,USD,14.319999999999997,15.7205240174672,Finance,Buy
AVR,Anteris Technologies Global Corp.,9.42,USD,0.21276595744680396,488188,0.5474119516354923,918058780.3851063,USD,,-1.942,USD,16.730983620615724,0,Health technology,Buy
BLMN,"Bloomin' Brands, Inc.",10.69,USD,1.327014218009467,1720738,0.5980896035018003,915287551.7118483,USD,31.853396901072703,0.3356,USD,,1.4218009478673,Consumer services,Neutral
PD,"PagerDuty, Inc.",11.7,USD,-1.680672268907572,972417,0.8682445035208645,902333996.2436974,USD,5.731641600940576,2.0413,USD,,0,Technology services,Neutral
SATL,Satellogic Inc.,5.81,USD,0.1724137931034446,3474255,0.4450845328232668,893228931.1931034,USD,,-0.9165,USD,-35.37666174298374,0,Electronic technology,Strong buy
SECZ,Securitize Corp.,5.39,USD,-3.9215686274509913,3132658,1.7750384666707653,880002068.2352941,USD,,-2.3388,USD,-5668.5714285714275,0,Finance,Strong buy
ARI,"Apollo Commercial Real Estate Finance, Inc",6.83,USD,0,3567076,1.0278147188345528,875688614.0000001,USD,8.657624540499429,0.7889,USD,,14.6412884333821,Finance,Buy
ACRS,"Aclaris Therapeutics, Inc.",5.92,USD,2.4221453287197177,1086354,0.5200806848580695,871417419.3771627,USD,,-0.5851,USD,57.24515893313848,0,Health technology,Strong buy
NAVI,Navient Corporation,9.16,USD,-0.10905125408941971,1186236,0.7412045088760014,859059878.7044711,USD,,-0.4889,USD,-250.52339901477833,6.97928026172301,Finance,Neutral
RSKD,Riskified Ltd.,6.3,USD,-3.6697247706422047,2161219,1.263956280550678,842964392.7522936,USD,,-0.1085,USD,55.05385252692627,0,Technology services,Buy
UAMY,United States Antimony Corporation,5.62,USD,1.9963702359346702,4167559,0.4958821836307533,841141994.3411978,USD,,-0.1199,USD,-1232.2222222222224,0,Non-energy minerals,Strong buy
PMT,PennyMac Mortgage Investment Trust,9.62,USD,1.7989417989417982,1300548,1.1896804858437364,838886706.2539682,USD,6.73433671683584,1.4285,USD,97.1976808393153,16.9312169312169,Finance,Neutral
MITK,"Mitek Systems, Inc.",18.53,USD,-4.632012352032931,800514,0.9811734433045491,836117631.3998971,USD,39.73836585888913,0.4663,USD,41.5174506828528,0,Technology services,Strong buy
RPD,"Rapid7, Inc.",12.37,USD,-4.846153846153852,1616481,0.5787917400488812,833745946.2976922,USD,40.65067367729214,0.3043,USD,-27.14867129518793,0,Technology services,Neutral
CRF,"Cornerstone Total Return Fund, Inc. (The)",6.66,USD,-5.397727272727272,5483184,3.845404362995393,833726080,USD,6.4975609756097565,1.025,USD,-29.31034482758621,19.9090909090909,Miscellaneous,No rating
GRPN,"Groupon, Inc.",20.3,USD,-5.6252905625290595,1421545,0.8060609098520717,825505567.3500698,USD,,-3.1139,USD,-1076.3883641858708,0,Retail trade,Neutral
DC,Dakota Gold Corp.,6.13,USD,-1.6051364365971192,893807,0.6136179414494437,822480424.0754415,USD,,-0.3015,USD,-12.836826347305388,0,Non-energy minerals,Strong buy
EVC,Entravision Communications Corporation,8.89,USD,-1.3318534961154187,1485951,0.6146665092583163,818228364.6648169,USD,407.7981651376147,0.0218,USD,,2.21975582685905,Consumer services,No rating
IMMX,"Immix Biopharma, Inc.",11.34,USD,3.372835004557878,1248845,0.8305178785342207,811255843.9361895,USD,,-0.8802,USD,-11.206569804169298,0,Health technology,Strong buy
IVR,INVESCO MORTGAGE CAPITAL INC,7.52,USD,0.5347593582887586,2012834,0.8467223317181463,809455895.4652405,USD,5.094850948509485,1.476,USD,274.71439451637474,18.9839572192513,Finance,Neutral
SXC,"SunCoke Energy, Inc.",9.51,USD,1.6025641025641066,971338,0.5531638074746347,807159841.7884616,USD,,-0.6397,USD,-174.26282795449268,5.12820512820513,Non-energy minerals,Buy
AHCO,AdaptHealth Corp.,5.81,USD,0,2588117,0.3748137257822518,792159839,USD,,-1.6774,USD,-413.64996260284215,0,Health services,Strong buy
BBNX,"Beta Bionics, Inc.",17.56,USD,-0.056915196357436325,1267696,0.91003372598358,790018923.1189526,USD,,-1.6484,USD,2.691853600944502,0,Health technology,Buy
JMIA,Jumia Technologies AG,6.33,USD,1.605136436597105,1500648,0.623777897278963,776057851,USD,,-0.4656,USD,18.186610437532952,0,Technology services,Strong buy
ACHV,"Achieve Life Sciences, Inc.",7.5,USD,-1.1857707509881406,945258,0.72440862814912,771768680.8300395,USD,,-1.5483,USD,-6.135179599670956,0,Health technology,Strong buy
PAR,PAR Technology Corporation,18.55,USD,-2.6246719160104988,870480,0.8575215629022034,767278151.2152232,USD,,-1.7661,USD,25.449556775010564,0,Electronic technology,Strong buy
HPP,"Hudson Pacific Properties, Inc.",13.8,USD,-0.7194244604316521,426551,0.4343616477130109,765594386.589928,USD,,-8.8767,USD,54.94243888573054,0,Finance,Buy
PZZA,"Papa John's International, Inc.",23.23,USD,-4.24567188788129,2007821,0.8098766812489735,764770820.9727948,USD,29.165097300690523,0.7965,USD,-64.89488298294329,7.58450123660346,Consumer services,Neutral
FWRG,"First Watch Restaurant Group, Inc.",12.31,USD,-3.223270440251573,1037542,0.677883025973466,759680064.0110062,USD,43.575221238938056,0.2825,USD,331.95718654434245,0,Consumer services,Strong buy
PHAT,"Phathom Pharmaceuticals, Inc.",9.28,USD,-3.131524008350738,1136406,0.6549976187008325,750760716.2254696,USD,,-1.2749,USD,73.03910165584622,0,Health technology,Strong buy
RGNX,REGENXBIO Inc.,11.33,USD,5.248490478402225,1041992,0.9642520696413732,747929566.524849,USD,,-3.7851,USD,-9.25386058594313,0,Health technology,Buy
STTK,"Shattuck Labs, Inc.",7.39,USD,-0.4043126684636152,569442,0.5431721834702976,741684430.4474393,USD,,-0.509,USD,57.88515637928181,0,Health technology,Strong buy
PFLT,PennantPark Floating Rate Capital Ltd.,7.26,USD,-1.3586956521739202,1103756,0.9781471375205808,720321934.2717391,USD,14.333662388943733,0.5065,USD,-40.05917159763314,16.40625,Miscellaneous,Buy
INN,"Summit Hotel Properties, Inc.",5.95,USD,-1.4900662251655605,1182048,1.1931449640526681,718483095.4718543,USD,,-0.2291,USD,-90.75770191507078,5.29801324503311,Finance,Neutral
PHR,"Phreesia, Inc.",11.58,USD,-5.700325732899017,1092170,1.5531986574602301,715781666.208469,USD,77.8225806451613,0.1488,USD,,0,Technology services,Buy
METC,"Ramaco Resources, Inc.",12.23,USD,-0.1632653061224455,2337566,0.9020485513393528,712663648.7608163,USD,,-0.9539,USD,-157.95024337479717,0,Energy minerals,Buy
ADTN,"ADTRAN Holdings, Inc.",8.655,USD,3.035714285714274,2159603,0.832311027678003,705221546.8803571,USD,,-0.2813,USD,78.7119721507492,0,Electronic technology,Strong buy
SG,"Sweetgreen, Inc.",5.88,USD,-6.369426751592362,5702558,0.6875015183049863,699962963.8471336,USD,58.8,0.1,USD,,0,Consumer services,Neutral
JBI,"Janus International Group, Inc.",5.11,USD,0,1494172,0.7975348654488312,697186910.0000001,USD,21.309424520433694,0.2398,USD,-22.319403952057,0,Producer manufacturing,Buy
ZVRA,"Zevra Therapeutics, Inc.",11.53,USD,1.8551236749116524,754271,0.6630607014402323,684694981.7703179,USD,12.437971952535058,0.927,USD,,0,Health technology,Strong buy
FBRT,"Franklin BSP Realty Trust, Inc.",8.03,USD,-0.49566294919455917,1022167,0.7278437860947443,666854679.4151177,USD,18.262451671594267,0.4397,USD,-55.02250409165303,13.7546468401487,Finance,Strong buy
FWRD,Forward Air Corporation,19.32,USD,1.898734177215187,423028,0.5968760194193387,652646274.7088608,USD,,-8.9014,USD,-49.72666565743218,0,Transportation,Buy
BTGO,"BitGo Holdings, Inc.",5.55,USD,-3.645833333333333,1836825,1.2158484965365535,652378222.6041666,USD,,-0.8261,USD,,0,Technology services,Strong buy
VSTM,"Verastem, Inc.",7.18,USD,9.118541033434644,2284012,1.146016599692282,650245480.4316108,USD,,-2.46,USD,29.856576658777907,0,Health technology,Strong buy
CWH,"Camping World Holdings, Inc.",6.22,USD,-2.964118564742596,1675165,0.9703918299549743,642488381.1294851,USD,,-1.5524,USD,-688.0203045685279,3.90015600624025,Retail trade,Strong buy
SGMT,Sagimet Biosciences Inc. - Series A,10.43,USD,-1.1374407582938482,1810931,1.0398788342829934,638152374.5554502,USD,,-1.2816,USD,30.544114459137216,0,Health technology,Strong buy
STLN,"Starling Oncology, Inc.",6.31,USD,-2.1705426356589235,1234644,0.6200053832989177,630892288.7891473,USD,,-0.3052,USD,54.905437352245855,0,Health services,Strong buy
SPRY,"ARS Pharmaceuticals, Inc.",6.24,USD,10.442477876106192,2504778,1.1894214449992457,620551423.6884955,USD,,-2.1731,USD,-343.67088607594934,0,Health technology,Strong buy
IMSR,Terrestrial Energy Inc.,5.82,USD,-1.1884550084889542,1035698,0.7667639714260119,616543181.1850595,USD,,-0.4162,USD,-351.78463399879007,0,Industrial services,Strong buy
EGY,"VAALCO Energy, Inc.",5.85,USD,1.2110726643598513,1115426,0.8540573054959305,615371935.8737024,USD,,-1.0598,USD,-388.1457313757477,4.32525951557093,Energy minerals,Strong buy
GDYN,"Grid Dynamics Holdings, Inc.",7.5,USD,-3.225806451612903,1069296,0.5246429281985221,608451633.8709677,USD,219.29824561403507,0.0342,USD,-83.11111111111111,0,Technology services,Strong buy
CRMD,CorMedix Inc.,7.67,USD,1.7241379310344813,2173712,1.3830823688226437,597832936.637931,USD,3.64439798536539,2.1046,USD,181.8534886835409,0,Health technology,Strong buy
NVRI,Enviri Corporation,20.91,USD,1.554152501214183,363013,0.8573790412578222,589455388.0767363,USD,,,,,0,Non-energy minerals,Buy
YEXT,"Yext, Inc.",5.84,USD,-1.5177065767284967,747451,1.0749761224601035,585448977.8617201,USD,77.97062750333778,0.0749,USD,,0,Technology services,Buy
SPT,"Sprout Social, Inc",9.55,USD,-3.437815975733062,985064,0.6302827943144635,579037633.5995955,USD,,-0.4977,USD,47.5387372193528,0,Technology services,Neutral
XMAX,"XMAX, Inc.",8.95,USD,-1.323042998897475,556111,0.975697181587497,569240793.2083791,USD,20.631627478100505,0.4338,USD,,0,Consumer durables,No rating
RYAM,Rayonier Advanced Materials Inc.,8.32,USD,-1.1876484560570029,758081,0.6504433009610774,562799838.8598576,USD,,-2.0957,USD,68.48950502195224,0,Process industries,Strong buy
SPIR,"Spire Global, Inc.",13.74,USD,-1.505376344086015,554939,0.9202295487179131,558151413.539785,USD,,-2.6652,USD,-569.3079767564712,0,Technology services,Buy
ODD,ODDITY Tech Ltd.,12.09,USD,-7.78032036613272,1229559,1.614072567163266,557645828.4050343,USD,15.29024914632604,0.7907,USD,-54.43176579068696,0,Technology services,Sell
KYTX,"Kyverna Therapeutics, Inc.",8.95,USD,9.547123623011009,1145434,1.7721325498472908,553498836.4198285,USD,,-2.9356,USD,20.071879764757135,0,Health technology,Strong buy
NUAI,"New Era Energy & Digital, Inc.",5.46,USD,7.692307692307685,7882835,1.6235234210873353,553048505.6923076,USD,,-0.9147,USD,32.930048394192696,0,Industrial services,Strong buy
CCOI,"Cogent Communications Holdings, Inc.",10.75,USD,-4.951370468611852,1286492,0.5927540265135249,550569145.6896552,USD,,-0.9694,USD,78.68560497790286,9.50486295313881,Communications,Buy
SRTA,"Strata Critical Medical, Inc.",5.9,USD,0,534205,0.4085241099618536,521954155,USD,,-0.1931,USD,18.899622007559856,0,Health services,Strong buy
WNC,Wabash National Corporation,12.73,USD,1.3535031847133752,917933,0.9610572736667943,518584206.33041394,USD,,-1.9238,USD,20.704010551914596,2.54777070063694,Producer manufacturing,Strong buy
ABTC,American Bitcoin Corp.,7.12,USD,-1.9283746556473784,1147073,0.8737208649392723,518476439.5482095,USD,,-2.9144,USD,86.91979713657376,0,Technology services,Strong buy
VELO,"Velo3D, Inc.",15.595,USD,-3.496287128712868,1309729,0.5839000341763652,501365467.3397277,USD,,-2.3896,USD,95.46935138312193,0,Producer manufacturing,Strong buy
MRAM,"Everspin Technologies, Inc.",19.85,USD,5.137711864406793,1975144,1.3308906924493396,483347675.5799789,USD,,-0.1106,USD,-245.52631578947367,0,Electronic technology,Strong buy
ASPN,"Aspen Aerogels, Inc.",5.82,USD,-0.5128205128205019,818485,0.3256387809197401,482994719.4974359,USD,,-1.5259,USD,59.99423208012165,0,Process industries,Buy
VITL,"Vital Farms, Inc.",11.16,USD,2.3853211009174293,1251306,0.7117127344835651,479115772.4146789,USD,,-0.0484,USD,-104.29154105337825,0,Process industries,Buy
QTTB,Q32 Bio Inc.,15.95,USD,5.280528052805273,301165,0.6481271854237937,474822977.5412541,USD,5.314540850326536,3.0012,USD,,0,Health technology,Strong buy
DNA,"Ginkgo Bioworks Holdings, Inc.",6.92,USD,1.9145802650957273,690125,0.5239252292175258,465994714.9749631,USD,,-5.4411,USD,7.059647444657018,0,Health services,Sell
WEAV,"Weave Communications, Inc.",5.53,USD,1.2820512820512873,1438789,0.9164844310794042,442395109.0897437,USD,,-0.2626,USD,35.668789808917204,0,Technology services,Strong buy
KREF,KKR Real Estate Finance Trust Inc.,7.47,USD,-1.9685039370078785,602587,0.6789569616955677,440812160.19685036,USD,,-3.2728,USD,-397.76425855513315,11.1548556430446,Finance,Buy
CAPR,"Capricor Therapeutics, Inc.",7.45,USD,12.03007518796992,19218227,1.7139370779731737,431443629.2330827,USD,,-2.4492,USD,-49.277747302980416,0,Health technology,Neutral
AIRJ,AirJoule Technologies Corporation,5.81,USD,-3.8079470198675565,1770462,0.7436453188066036,420647419.6274834,USD,,-1.297,USD,-297.38243798508597,0,Producer manufacturing,Strong buy
ERII,"Energy Recovery, Inc.",8.14,USD,-2.5149700598802287,1177645,1.0825520078062842,415505310.5269461,USD,28.855015951790147,0.2821,USD,-31.744495523832562,0,Producer manufacturing,Neutral
GRRR,Gorilla Technology Group Inc.,14.95,USD,-8.674404398289564,1140024,1.1466338856974918,414974270.65668905,USD,,-1.721,USD,,0,Technology services,Strong buy
OPTX,"Syntec Optics Holdings, Inc.",9.01,USD,2.2701475595913654,215685,0.5958514582938512,362921740.4812713,USD,,-0.0658,USD,-53.37995337995337,0,Electronic technology,No rating
ALIT,"Alight, Inc.",13.44,USD,-2.6086956521739215,403504,0.6036617594763114,362061424.1391304,USD,,-77.2316,USD,-78.99645398289569,11.5942028985507,Technology services,Neutral
MNRO,"Monro, Inc.",11.56,USD,0.6968641114982584,1300273,1.1882582694550148,361412530.7804878,USD,57.54106520657044,0.2009,USD,,9.75609756097561,Retail trade,Buy
PLAY,"Dave & Buster's Entertainment, Inc.",10.15,USD,-0.39254170755641954,1317275,0.7902561185119914,353105253.20412177,USD,,-1.8764,USD,-285.341762149348,0,Consumer services,Buy
ALMU,"Aeluma, Inc.",17.78,USD,-3.4744842562432168,369296,0.7749352220162048,342543661.44191104,USD,,-0.3501,USD,-30.878504672897193,0,Commercial services,Strong buy
ABEO,Abeona Therapeutics Inc.,5.94,USD,-0.751879699248119,2095323,0.9940113760940918,339673069.1729323,USD,,-1.1224,USD,-277.9045807576478,0,Health technology,Strong buy
IMRX,Immuneering Corporation,5.22,USD,3.1620553359683825,486884,0.64488878051352,337720439.34782606,USD,,-1.0316,USD,45.56487784285789,0,Health technology,Strong buy
OSS,"One Stop Systems, Inc.",13.44,USD,-1.2490815576781773,1364376,1.4102624132718322,335195341.9662013,USD,270.4225352112676,0.0497,USD,,0,Electronic technology,Strong buy
AGEN,Agenus Inc.,7.15,USD,-2.3224043715846987,831412,0.5504879335700295,321895902.0013662,USD,2.6970954356846475,2.651,USD,,0,Health technology,Strong buy
BKKT,"Bakkt, Inc.",7.12,USD,-6.928104575163402,1788175,1.8065127300716848,320894544.9620915,USD,,-2.9586,USD,32.49828884325804,0,Commercial services,Strong buy
PDYN,Palladyne AI Corp.,6.47,USD,-2.118003025718617,1125998,1.0836489971898218,319220182.11497724,USD,,-0.6754,USD,63.92479435957698,0,Producer manufacturing,Buy
VNDA,Vanda Pharmaceuticals Inc.,5.26,USD,0.7662835249042153,795412,0.6279097323513965,318033728.4406131,USD,,-4.626,USD,-305.54045761374596,0,Health technology,Buy
LTRX,"Lantronix, Inc.",6.65,USD,2.782071097372498,1180560,1.7721472244000787,296647159.1653787,USD,,-0.1666,USD,23.119520073834796,0,Electronic technology,Strong buy
EMBC,Embecta Corp.,5.13,USD,0.588235294117652,1570681,0.6991309119440041,290663738.94705886,USD,3.4575722855024598,1.4837,USD,3.7262304250559373,9.01960784313726,Health technology,Neutral
TSSI,"TSS, Inc.",9.48,USD,-2.0661157024793315,1544439,1.379455562895476,267516795.74380168,USD,18.661417322834644,0.508,USD,42.81698060163058,0,Technology services,Strong buy
SION,"Sionna Therapeutics, Inc.",5.91,USD,-8.513931888544889,2985520,0.397635189931164,267205276.68111455,USD,,-2.1691,USD,-26.18382780686444,0,Health technology,Neutral
GSIT,"GSI Technology, Inc.",6.78,USD,-3.556187766714082,467732,0.8162035954475813,260572971.0981508,USD,,-0.4562,USD,15.7369782046546,0,Electronic technology,No rating
ATOM,Atomera Incorporated,5.42,USD,-3.214285714285709,353699,0.5883265828890792,211510315.1892857,USD,,-0.6553,USD,1.3399578440228874,0,Commercial services,Strong buy
BYND,"Beyond Meat, Inc.",11.63,USD,-13.65998515219005,2881334,1.2577035250649875,199965827.15293244,USD,,-55.6413,USD,13.055849842022857,0,Consumer non-durables,Sell
JLHL,Julong Holding Limited,7.5,USD,4.311543810848395,829476,0.23103495597354612,160864743.04589707,USD,,,,,0,Commercial services,No rating
UNCY,"Unicycive Therapeutics, Inc.",5.57,USD,1.0889292196007352,576076,0.7473624246427889,155153788.4954628,USD,,-1.5963,USD,52.73303328200877,0,Health technology,Strong buy
FIRY,Firy Inc.,9.96,USD,4.842105263157904,138900,0.6292262691321706,155151840.24,USD,,-4.4264,USD,9.93183436768746,0,Technology services,Strong buy
AGPU,Axe Compute Inc.,10.62,USD,28.415961305925023,2628534,12.27888712725873,122072530.00483677,USD,,-145.4521,USD,-591.5324746948886,0,Health technology,No rating
TRT,Trio-Tech International,11.6,USD,1.221640488656185,272112,1.1894166258337242,117306141.7801047,USD,352.58358662613983,0.0329,USD,,0,Producer manufacturing,No rating
XHLD,"TEN Holdings, Inc.",7.36,USD,25.17006802721089,1584341,0.09262160260690062,88153986.93877551,USD,,-4.7304,USD,,0,Commercial services,No rating
ATRA,"Atara Biotherapeutics, Inc.",8.36,USD,3.3374536464771274,66103,1.2438164804789886,83915258.80346106,USD,,-1.3982,USD,-228.9108445071748,0,Health technology,Buy
STI,"Solidion Technology, Inc.",7.79,USD,-1.1421319796954297,75115,0.4306237925163243,66314491.546954304,USD,,-13.237,USD,-126.13820790979756,0,Finance,No rating
PCLA,PicoCELA Inc.,7.14,USD,5.621301775147928,61782,0.10438804195797106,64989323,USD,,,,,0,Electronic technology,No rating
ROLR,"High Roller Technologies, Inc.",5.72,USD,0.17513134851137982,42609,0.5143405518939669,63087671.13134851,USD,18.021424070573406,0.3174,USD,,0,Technology services,Strong buy
NXTC,"NextCure, Inc.",7.71,USD,-6.090133982947635,184431,0.425584595873354,35291435.6455542,USD,,-10.5887,USD,59.13797162075074,0,Health technology,Strong buy
DFNS,T3 Defense Inc.,30.99,USD,-8.25932504440498,299510,0.12245288113219056,31315237.206039075,USD,,-377.8812,USD,-116.80481184967613,0,Commercial services,Strong buy
UPC,Universe Pharmaceuticals Inc,5.78,USD,2.30088495575221,24017,0.008092207430329082,29040975.734513275,USD,,-3.4475,USD,-100.00563352535303,0,Health technology,No rating
INHD,Inno Holdings Inc.,8.02,USD,-5.200945626477556,174817,0.14159537031404792,20215059.373522457,USD,,-195.4264,USD,75.8485242154426,0,Producer manufacturing,No rating
FGI,FGI Industries Ltd.,9.08,USD,-9.109109109109111,660672,0.062038487615796785,17535939.50750751,USD,,-2.0888,USD,-42.259756180617046,0,Producer manufacturing,Strong buy
ASTC,Astrotech Corporation,8.16,USD,-2.972651605231867,85161,0.14812615483036745,16393848.485136742,USD,,-8.3268,USD,0.6123106670963518,0,Electronic technology,No rating
WYHG,Wing Yip Food Holdings Group Limited,5.32,USD,2.702702702702714,336061,0.04038764282176802,14680575.643734002,USD,11.345702708466625,0.4689,USD,-33.176571184266784,0,Consumer non-durables,No rating
SDOT,Sadot Group Inc.,10.57,USD,-9.965928449744462,318048,3.0614832091437574,13952559.360306643,USD,,-1357.3571,USD,-1201.2860643234997,0,Consumer services,No rating
ADVB,Advanced Biomed Inc.,8.23,USD,-8.044692737430156,176014,0.7376036910775909,13597055.1877095,USD,51.69597989949749,0.1592,USD,,0,Health technology,No rating
WETO,Wetour Robotics Limited,24.59,USD,199.14841849148414,34427205,5.2930123919741145,8859796,USD,,-13.3371,USD,-692.4128096963935,0,Transportation,No rating
AMIX,"Autonomix Medical, Inc.",6.4,USD,-6.569343065693421,125203,0.008926764079713208,6214675.620437957,USD,,-46.4846,USD,64.77932429667906,0,Health technology,Strong buy
VEEE,Twin Vee PowerCats Co.,10.74,USD,-8.283518360375751,57722,0.27974285098102897,6170151.094790777,USD,,-106.3555,USD,64.50646175923376,0,Consumer durables,No rating
BOXL,Boxlight Corporation,7.22,USD,3.884892086330929,374860,0.04813741242107556,4816151.384172661,USD,,-124.532,USD,73.97903353501889,0,Electronic technology,No rating
FCUV,Focus Universal Inc.,6.49,USD,15.480427046263348,99420,0.06231610184263736,4561243.5978647685,USD,,-21.5879,USD,-27.600127671647456,0,Commercial services,No rating
AKAN,Akanda Corp.,5.41,USD,-16.124031007751938,1028104,0.4064762352089044,4250392.920930233,USD,,-145.4119,USD,43.01034391265854,0,Process industries,No rating